elapsed_s,inference_extension_flow_control_queue_bytes|premium-tenant-a,inference_extension_flow_control_queue_bytes|premium-tenant-b,inference_extension_flow_control_queue_bytes|standard-tenant-a,inference_extension_flow_control_queue_bytes|sweep-standard,inference_extension_flow_control_queue_bytes|warmup-standard,inference_extension_flow_control_queue_size|premium-tenant-a,inference_extension_flow_control_queue_size|premium-tenant-b,inference_extension_flow_control_queue_size|standard-tenant-a,inference_extension_flow_control_queue_size|sweep-standard,inference_extension_flow_control_queue_size|warmup-standard,run_id,scenario,vllm:num_requests_running,vllm:num_requests_waiting
0.0,0.0,0.0,0.0,0.0,0.0,0.0,0.0,0.0,0.0,0.0,02-consolidation_three_phase-r02,consolidation_three_phase,0.0,0.0
1.071,0.0,0.0,0.0,0.0,0.0,0.0,0.0,0.0,0.0,0.0,02-consolidation_three_phase-r02,consolidation_three_phase,2.0,0.0
2.1,0.0,0.0,0.0,0.0,0.0,0.0,0.0,0.0,0.0,0.0,02-consolidation_three_phase-r02,consolidation_three_phase,11.0,0.0
3.129,0.0,0.0,0.0,0.0,0.0,0.0,0.0,0.0,0.0,0.0,02-consolidation_three_phase-r02,consolidation_three_phase,11.0,0.0
4.158,0.0,0.0,0.0,0.0,0.0,0.0,0.0,0.0,0.0,0.0,02-consolidation_three_phase-r02,consolidation_three_phase,9.0,0.0
5.195,0.0,0.0,0.0,0.0,0.0,0.0,0.0,0.0,0.0,0.0,02-consolidation_three_phase-r02,consolidation_three_phase,13.0,0.0
6.223,0.0,0.0,0.0,0.0,0.0,0.0,0.0,0.0,0.0,0.0,02-consolidation_three_phase-r02,consolidation_three_phase,12.0,0.0
7.251,0.0,0.0,0.0,0.0,0.0,0.0,0.0,0.0,0.0,0.0,02-consolidation_three_phase-r02,consolidation_three_phase,13.0,0.0
8.278,0.0,0.0,0.0,0.0,0.0,0.0,0.0,0.0,0.0,0.0,02-consolidation_three_phase-r02,consolidation_three_phase,12.0,0.0
9.306,0.0,0.0,0.0,0.0,0.0,0.0,0.0,0.0,0.0,0.0,02-consolidation_three_phase-r02,consolidation_three_phase,13.0,0.0
10.335,0.0,0.0,0.0,0.0,0.0,0.0,0.0,0.0,0.0,0.0,02-consolidation_three_phase-r02,consolidation_three_phase,15.0,0.0
11.364,0.0,0.0,0.0,0.0,0.0,0.0,0.0,0.0,0.0,0.0,02-consolidation_three_phase-r02,consolidation_three_phase,14.0,0.0
12.393,0.0,0.0,0.0,0.0,0.0,0.0,0.0,0.0,0.0,0.0,02-consolidation_three_phase-r02,consolidation_three_phase,12.0,0.0
13.423,0.0,0.0,0.0,0.0,0.0,0.0,0.0,0.0,0.0,0.0,02-consolidation_three_phase-r02,consolidation_three_phase,14.0,0.0
14.452,0.0,0.0,0.0,0.0,0.0,0.0,0.0,0.0,0.0,0.0,02-consolidation_three_phase-r02,consolidation_three_phase,15.0,0.0
15.49,0.0,0.0,0.0,0.0,0.0,0.0,0.0,0.0,0.0,0.0,02-consolidation_three_phase-r02,consolidation_three_phase,15.0,0.0
16.52,0.0,0.0,0.0,0.0,0.0,0.0,0.0,0.0,0.0,0.0,02-consolidation_three_phase-r02,consolidation_three_phase,16.0,0.0
17.547,0.0,0.0,0.0,0.0,0.0,0.0,0.0,0.0,0.0,0.0,02-consolidation_three_phase-r02,consolidation_three_phase,15.0,0.0
18.576,0.0,0.0,0.0,0.0,0.0,0.0,0.0,0.0,0.0,0.0,02-consolidation_three_phase-r02,consolidation_three_phase,16.0,0.0
19.604,0.0,0.0,0.0,0.0,0.0,0.0,0.0,0.0,0.0,0.0,02-consolidation_three_phase-r02,consolidation_three_phase,16.0,0.0
20.637,0.0,0.0,0.0,0.0,0.0,0.0,0.0,0.0,0.0,0.0,02-consolidation_three_phase-r02,consolidation_three_phase,16.0,0.0
21.665,0.0,0.0,0.0,0.0,0.0,0.0,0.0,0.0,0.0,0.0,02-consolidation_three_phase-r02,consolidation_three_phase,13.0,0.0
22.695,0.0,0.0,0.0,0.0,0.0,0.0,0.0,0.0,0.0,0.0,02-consolidation_three_phase-r02,consolidation_three_phase,13.0,0.0
23.722,0.0,0.0,0.0,0.0,0.0,0.0,0.0,0.0,0.0,0.0,02-consolidation_three_phase-r02,consolidation_three_phase,15.0,0.0
24.75,0.0,0.0,0.0,0.0,0.0,0.0,0.0,0.0,0.0,0.0,02-consolidation_three_phase-r02,consolidation_three_phase,14.0,0.0
25.78,0.0,0.0,0.0,0.0,0.0,0.0,0.0,0.0,0.0,0.0,02-consolidation_three_phase-r02,consolidation_three_phase,14.0,0.0
26.81,0.0,0.0,0.0,0.0,0.0,0.0,0.0,0.0,0.0,0.0,02-consolidation_three_phase-r02,consolidation_three_phase,13.0,0.0
27.846,0.0,0.0,0.0,0.0,0.0,0.0,0.0,0.0,0.0,0.0,02-consolidation_three_phase-r02,consolidation_three_phase,15.0,0.0
28.875,0.0,0.0,0.0,0.0,0.0,0.0,0.0,0.0,0.0,0.0,02-consolidation_three_phase-r02,consolidation_three_phase,15.0,0.0
29.903,0.0,0.0,0.0,0.0,0.0,0.0,0.0,0.0,0.0,0.0,02-consolidation_three_phase-r02,consolidation_three_phase,12.0,0.0
30.933,0.0,0.0,0.0,0.0,0.0,0.0,0.0,0.0,0.0,0.0,02-consolidation_three_phase-r02,consolidation_three_phase,13.0,0.0
31.961,0.0,0.0,0.0,0.0,0.0,0.0,0.0,0.0,0.0,0.0,02-consolidation_three_phase-r02,consolidation_three_phase,14.0,0.0
32.997,0.0,0.0,0.0,0.0,0.0,0.0,0.0,0.0,0.0,0.0,02-consolidation_three_phase-r02,consolidation_three_phase,11.0,0.0
34.027,0.0,0.0,0.0,0.0,0.0,0.0,0.0,0.0,0.0,0.0,02-consolidation_three_phase-r02,consolidation_three_phase,16.0,0.0
35.055,0.0,0.0,0.0,0.0,0.0,0.0,0.0,0.0,0.0,0.0,02-consolidation_three_phase-r02,consolidation_three_phase,16.0,0.0
36.086,0.0,0.0,0.0,0.0,0.0,0.0,0.0,0.0,0.0,0.0,02-consolidation_three_phase-r02,consolidation_three_phase,12.0,0.0
37.117,0.0,0.0,0.0,0.0,0.0,0.0,0.0,0.0,0.0,0.0,02-consolidation_three_phase-r02,consolidation_three_phase,14.0,0.0
38.144,0.0,0.0,0.0,0.0,0.0,0.0,0.0,0.0,0.0,0.0,02-consolidation_three_phase-r02,consolidation_three_phase,16.0,0.0
39.173,0.0,0.0,0.0,0.0,0.0,0.0,0.0,0.0,0.0,0.0,02-consolidation_three_phase-r02,consolidation_three_phase,5.0,0.0
40.205,0.0,0.0,0.0,0.0,0.0,0.0,0.0,0.0,0.0,0.0,02-consolidation_three_phase-r02,consolidation_three_phase,6.0,0.0
41.237,0.0,0.0,0.0,0.0,0.0,0.0,0.0,0.0,0.0,0.0,02-consolidation_three_phase-r02,consolidation_three_phase,5.0,0.0
42.271,0.0,0.0,0.0,0.0,0.0,0.0,0.0,0.0,0.0,0.0,02-consolidation_three_phase-r02,consolidation_three_phase,4.0,0.0
43.303,0.0,0.0,0.0,0.0,0.0,0.0,0.0,0.0,0.0,0.0,02-consolidation_three_phase-r02,consolidation_three_phase,13.0,0.0
44.333,0.0,0.0,0.0,0.0,0.0,0.0,0.0,0.0,0.0,0.0,02-consolidation_three_phase-r02,consolidation_three_phase,14.0,0.0
45.363,0.0,0.0,0.0,0.0,0.0,0.0,0.0,0.0,0.0,0.0,02-consolidation_three_phase-r02,consolidation_three_phase,14.0,0.0
46.396,0.0,0.0,0.0,0.0,0.0,0.0,0.0,0.0,0.0,0.0,02-consolidation_three_phase-r02,consolidation_three_phase,14.0,0.0
47.424,0.0,0.0,0.0,0.0,0.0,0.0,0.0,0.0,0.0,0.0,02-consolidation_three_phase-r02,consolidation_three_phase,13.0,0.0
48.451,0.0,0.0,0.0,0.0,0.0,0.0,0.0,0.0,0.0,0.0,02-consolidation_three_phase-r02,consolidation_three_phase,14.0,0.0
49.483,0.0,0.0,0.0,0.0,0.0,0.0,0.0,0.0,0.0,0.0,02-consolidation_three_phase-r02,consolidation_three_phase,14.0,0.0
50.513,0.0,0.0,0.0,0.0,0.0,0.0,0.0,0.0,0.0,0.0,02-consolidation_three_phase-r02,consolidation_three_phase,13.0,0.0
51.546,0.0,0.0,0.0,0.0,0.0,0.0,0.0,0.0,0.0,0.0,02-consolidation_three_phase-r02,consolidation_three_phase,13.0,0.0
52.573,0.0,0.0,0.0,0.0,0.0,0.0,0.0,0.0,0.0,0.0,02-consolidation_three_phase-r02,consolidation_three_phase,13.0,0.0
53.605,0.0,0.0,0.0,0.0,0.0,0.0,0.0,0.0,0.0,0.0,02-consolidation_three_phase-r02,consolidation_three_phase,13.0,0.0
54.634,0.0,0.0,0.0,0.0,0.0,0.0,0.0,0.0,0.0,0.0,02-consolidation_three_phase-r02,consolidation_three_phase,12.0,0.0
55.665,0.0,0.0,0.0,0.0,0.0,0.0,0.0,0.0,0.0,0.0,02-consolidation_three_phase-r02,consolidation_three_phase,11.0,0.0
56.697,0.0,0.0,0.0,0.0,0.0,0.0,0.0,0.0,0.0,0.0,02-consolidation_three_phase-r02,consolidation_three_phase,11.0,0.0
57.727,0.0,0.0,0.0,0.0,0.0,0.0,0.0,0.0,0.0,0.0,02-consolidation_three_phase-r02,consolidation_three_phase,11.0,0.0
58.755,0.0,0.0,0.0,0.0,0.0,0.0,0.0,0.0,0.0,0.0,02-consolidation_three_phase-r02,consolidation_three_phase,10.0,0.0
59.791,0.0,0.0,0.0,0.0,0.0,0.0,0.0,0.0,0.0,0.0,02-consolidation_three_phase-r02,consolidation_three_phase,11.0,0.0
60.82,0.0,0.0,0.0,0.0,0.0,0.0,0.0,0.0,0.0,0.0,02-consolidation_three_phase-r02,consolidation_three_phase,11.0,0.0
61.847,0.0,0.0,0.0,0.0,0.0,0.0,0.0,0.0,0.0,0.0,02-consolidation_three_phase-r02,consolidation_three_phase,5.0,0.0
62.877,0.0,0.0,0.0,0.0,0.0,0.0,0.0,0.0,0.0,0.0,02-consolidation_three_phase-r02,consolidation_three_phase,10.0,0.0
63.907,0.0,0.0,0.0,0.0,0.0,0.0,0.0,0.0,0.0,0.0,02-consolidation_three_phase-r02,consolidation_three_phase,9.0,0.0
64.944,0.0,0.0,0.0,0.0,0.0,0.0,0.0,0.0,0.0,0.0,02-consolidation_three_phase-r02,consolidation_three_phase,9.0,0.0
65.971,0.0,0.0,0.0,0.0,0.0,0.0,0.0,0.0,0.0,0.0,02-consolidation_three_phase-r02,consolidation_three_phase,2.0,0.0
67.014,0.0,0.0,0.0,0.0,0.0,0.0,0.0,0.0,0.0,0.0,02-consolidation_three_phase-r02,consolidation_three_phase,8.0,0.0
68.044,0.0,0.0,0.0,0.0,0.0,0.0,0.0,0.0,0.0,0.0,02-consolidation_three_phase-r02,consolidation_three_phase,7.0,0.0
69.074,0.0,0.0,0.0,0.0,0.0,0.0,0.0,0.0,0.0,0.0,02-consolidation_three_phase-r02,consolidation_three_phase,4.0,0.0
70.102,0.0,0.0,0.0,0.0,0.0,0.0,0.0,0.0,0.0,0.0,02-consolidation_three_phase-r02,consolidation_three_phase,8.0,0.0
71.131,0.0,0.0,0.0,0.0,0.0,0.0,0.0,0.0,0.0,0.0,02-consolidation_three_phase-r02,consolidation_three_phase,7.0,0.0
72.16,0.0,0.0,0.0,0.0,0.0,0.0,0.0,0.0,0.0,0.0,02-consolidation_three_phase-r02,consolidation_three_phase,7.0,0.0
73.193,0.0,0.0,0.0,0.0,0.0,0.0,0.0,0.0,0.0,0.0,02-consolidation_three_phase-r02,consolidation_three_phase,6.0,0.0
74.229,0.0,0.0,0.0,0.0,0.0,0.0,0.0,0.0,0.0,0.0,02-consolidation_three_phase-r02,consolidation_three_phase,5.0,0.0
75.256,0.0,0.0,0.0,0.0,0.0,0.0,0.0,0.0,0.0,0.0,02-consolidation_three_phase-r02,consolidation_three_phase,6.0,0.0
76.286,0.0,0.0,0.0,0.0,0.0,0.0,0.0,0.0,0.0,0.0,02-consolidation_three_phase-r02,consolidation_three_phase,7.0,0.0
77.312,0.0,0.0,0.0,0.0,0.0,0.0,0.0,0.0,0.0,0.0,02-consolidation_three_phase-r02,consolidation_three_phase,5.0,0.0
78.343,0.0,0.0,0.0,0.0,0.0,0.0,0.0,0.0,0.0,0.0,02-consolidation_three_phase-r02,consolidation_three_phase,4.0,0.0
79.373,0.0,0.0,0.0,0.0,0.0,0.0,0.0,0.0,0.0,0.0,02-consolidation_three_phase-r02,consolidation_three_phase,4.0,0.0
80.403,0.0,0.0,0.0,0.0,0.0,0.0,0.0,0.0,0.0,0.0,02-consolidation_three_phase-r02,consolidation_three_phase,3.0,0.0
81.434,0.0,0.0,0.0,0.0,0.0,0.0,0.0,0.0,0.0,0.0,02-consolidation_three_phase-r02,consolidation_three_phase,5.0,0.0
82.462,0.0,0.0,0.0,0.0,0.0,0.0,0.0,0.0,0.0,0.0,02-consolidation_three_phase-r02,consolidation_three_phase,5.0,0.0
83.499,0.0,0.0,0.0,0.0,0.0,0.0,0.0,0.0,0.0,0.0,02-consolidation_three_phase-r02,consolidation_three_phase,6.0,0.0
84.526,0.0,0.0,0.0,0.0,0.0,0.0,0.0,0.0,0.0,0.0,02-consolidation_three_phase-r02,consolidation_three_phase,1.0,0.0
85.559,0.0,0.0,0.0,0.0,0.0,0.0,0.0,0.0,0.0,0.0,02-consolidation_three_phase-r02,consolidation_three_phase,5.0,0.0
86.59,0.0,0.0,0.0,0.0,0.0,0.0,0.0,0.0,0.0,0.0,02-consolidation_three_phase-r02,consolidation_three_phase,3.0,0.0
87.619,0.0,0.0,0.0,0.0,0.0,0.0,0.0,0.0,0.0,0.0,02-consolidation_three_phase-r02,consolidation_three_phase,4.0,0.0
88.646,0.0,0.0,0.0,0.0,0.0,0.0,0.0,0.0,0.0,0.0,02-consolidation_three_phase-r02,consolidation_three_phase,5.0,0.0
89.673,0.0,0.0,0.0,0.0,0.0,0.0,0.0,0.0,0.0,0.0,02-consolidation_three_phase-r02,consolidation_three_phase,1.0,0.0
90.702,0.0,0.0,0.0,0.0,0.0,0.0,0.0,0.0,0.0,0.0,02-consolidation_three_phase-r02,consolidation_three_phase,5.0,0.0
91.731,0.0,0.0,0.0,0.0,0.0,0.0,0.0,0.0,0.0,0.0,02-consolidation_three_phase-r02,consolidation_three_phase,4.0,0.0
92.758,0.0,0.0,0.0,0.0,0.0,0.0,0.0,0.0,0.0,0.0,02-consolidation_three_phase-r02,consolidation_three_phase,3.0,0.0
93.791,0.0,0.0,0.0,0.0,0.0,0.0,0.0,0.0,0.0,0.0,02-consolidation_three_phase-r02,consolidation_three_phase,4.0,0.0
94.821,0.0,0.0,0.0,0.0,0.0,0.0,0.0,0.0,0.0,0.0,02-consolidation_three_phase-r02,consolidation_three_phase,3.0,0.0
95.849,0.0,0.0,0.0,0.0,0.0,0.0,0.0,0.0,0.0,0.0,02-consolidation_three_phase-r02,consolidation_three_phase,5.0,0.0
96.878,0.0,0.0,0.0,0.0,0.0,0.0,0.0,0.0,0.0,0.0,02-consolidation_three_phase-r02,consolidation_three_phase,4.0,0.0
97.908,0.0,0.0,0.0,0.0,0.0,0.0,0.0,0.0,0.0,0.0,02-consolidation_three_phase-r02,consolidation_three_phase,4.0,0.0
98.942,0.0,0.0,0.0,0.0,0.0,0.0,0.0,0.0,0.0,0.0,02-consolidation_three_phase-r02,consolidation_three_phase,4.0,0.0
99.974,0.0,0.0,0.0,0.0,0.0,0.0,0.0,0.0,0.0,0.0,02-consolidation_three_phase-r02,consolidation_three_phase,5.0,0.0
101.001,0.0,0.0,0.0,0.0,0.0,0.0,0.0,0.0,0.0,0.0,02-consolidation_three_phase-r02,consolidation_three_phase,4.0,0.0
102.03,0.0,0.0,0.0,0.0,0.0,0.0,0.0,0.0,0.0,0.0,02-consolidation_three_phase-r02,consolidation_three_phase,7.0,0.0
103.061,0.0,0.0,0.0,0.0,0.0,0.0,0.0,0.0,0.0,0.0,02-consolidation_three_phase-r02,consolidation_three_phase,14.0,0.0
104.096,0.0,0.0,0.0,0.0,0.0,0.0,0.0,0.0,0.0,0.0,02-consolidation_three_phase-r02,consolidation_three_phase,15.0,0.0
105.128,0.0,0.0,0.0,0.0,0.0,0.0,0.0,0.0,0.0,0.0,02-consolidation_three_phase-r02,consolidation_three_phase,14.0,0.0
106.157,0.0,0.0,0.0,0.0,0.0,0.0,0.0,0.0,0.0,0.0,02-consolidation_three_phase-r02,consolidation_three_phase,10.0,0.0
107.191,0.0,0.0,0.0,0.0,0.0,0.0,0.0,0.0,0.0,0.0,02-consolidation_three_phase-r02,consolidation_three_phase,14.0,0.0
108.221,0.0,0.0,0.0,0.0,0.0,0.0,0.0,0.0,0.0,0.0,02-consolidation_three_phase-r02,consolidation_three_phase,15.0,0.0
109.249,0.0,0.0,0.0,0.0,0.0,0.0,0.0,0.0,0.0,0.0,02-consolidation_three_phase-r02,consolidation_three_phase,15.0,0.0
110.277,0.0,0.0,0.0,0.0,0.0,0.0,0.0,0.0,0.0,0.0,02-consolidation_three_phase-r02,consolidation_three_phase,14.0,0.0
111.308,0.0,0.0,0.0,0.0,0.0,0.0,0.0,0.0,0.0,0.0,02-consolidation_three_phase-r02,consolidation_three_phase,14.0,0.0
112.341,0.0,0.0,0.0,0.0,0.0,0.0,0.0,0.0,0.0,0.0,02-consolidation_three_phase-r02,consolidation_three_phase,15.0,0.0
113.37,0.0,0.0,0.0,0.0,0.0,0.0,0.0,0.0,0.0,0.0,02-consolidation_three_phase-r02,consolidation_three_phase,14.0,0.0
114.4,0.0,0.0,0.0,0.0,0.0,0.0,0.0,0.0,0.0,0.0,02-consolidation_three_phase-r02,consolidation_three_phase,15.0,0.0
115.429,0.0,0.0,0.0,0.0,0.0,0.0,0.0,0.0,0.0,0.0,02-consolidation_three_phase-r02,consolidation_three_phase,14.0,0.0
116.46,0.0,0.0,0.0,0.0,0.0,0.0,0.0,0.0,0.0,0.0,02-consolidation_three_phase-r02,consolidation_three_phase,14.0,0.0
117.495,0.0,0.0,0.0,0.0,0.0,0.0,0.0,0.0,0.0,0.0,02-consolidation_three_phase-r02,consolidation_three_phase,14.0,0.0
118.526,0.0,0.0,0.0,0.0,0.0,0.0,0.0,0.0,0.0,0.0,02-consolidation_three_phase-r02,consolidation_three_phase,13.0,0.0
119.556,0.0,0.0,0.0,0.0,0.0,0.0,0.0,0.0,0.0,0.0,02-consolidation_three_phase-r02,consolidation_three_phase,12.0,0.0
120.59,0.0,0.0,0.0,0.0,0.0,0.0,0.0,0.0,0.0,0.0,02-consolidation_three_phase-r02,consolidation_three_phase,16.0,0.0
121.619,0.0,0.0,0.0,0.0,0.0,0.0,0.0,0.0,0.0,0.0,02-consolidation_three_phase-r02,consolidation_three_phase,14.0,0.0
122.648,0.0,0.0,0.0,0.0,0.0,0.0,0.0,0.0,0.0,0.0,02-consolidation_three_phase-r02,consolidation_three_phase,15.0,0.0
123.675,0.0,0.0,0.0,0.0,0.0,0.0,0.0,0.0,0.0,0.0,02-consolidation_three_phase-r02,consolidation_three_phase,17.0,0.0
124.707,0.0,0.0,0.0,0.0,0.0,0.0,0.0,0.0,0.0,0.0,02-consolidation_three_phase-r02,consolidation_three_phase,17.0,0.0
125.742,0.0,0.0,0.0,0.0,0.0,0.0,0.0,0.0,0.0,0.0,02-consolidation_three_phase-r02,consolidation_three_phase,14.0,0.0
126.771,0.0,0.0,0.0,0.0,0.0,0.0,0.0,0.0,0.0,0.0,02-consolidation_three_phase-r02,consolidation_three_phase,16.0,0.0
127.799,0.0,0.0,0.0,0.0,0.0,0.0,0.0,0.0,0.0,0.0,02-consolidation_three_phase-r02,consolidation_three_phase,16.0,0.0
128.832,0.0,0.0,0.0,0.0,0.0,0.0,0.0,0.0,0.0,0.0,02-consolidation_three_phase-r02,consolidation_three_phase,16.0,0.0
129.861,0.0,0.0,0.0,0.0,0.0,0.0,0.0,0.0,0.0,0.0,02-consolidation_three_phase-r02,consolidation_three_phase,17.0,0.0
130.896,0.0,0.0,0.0,0.0,0.0,0.0,0.0,0.0,0.0,0.0,02-consolidation_three_phase-r02,consolidation_three_phase,17.0,0.0
131.929,0.0,0.0,0.0,0.0,0.0,0.0,0.0,0.0,0.0,0.0,02-consolidation_three_phase-r02,consolidation_three_phase,16.0,0.0
132.957,0.0,0.0,0.0,0.0,0.0,0.0,0.0,0.0,0.0,0.0,02-consolidation_three_phase-r02,consolidation_three_phase,14.0,0.0
133.994,0.0,0.0,0.0,0.0,0.0,0.0,0.0,0.0,0.0,0.0,02-consolidation_three_phase-r02,consolidation_three_phase,17.0,0.0
135.024,0.0,0.0,0.0,0.0,0.0,0.0,0.0,0.0,0.0,0.0,02-consolidation_three_phase-r02,consolidation_three_phase,17.0,0.0
136.053,0.0,0.0,0.0,0.0,0.0,0.0,0.0,0.0,0.0,0.0,02-consolidation_three_phase-r02,consolidation_three_phase,19.0,0.0
137.082,0.0,0.0,0.0,0.0,0.0,0.0,0.0,0.0,0.0,0.0,02-consolidation_three_phase-r02,consolidation_three_phase,19.0,0.0
138.109,0.0,0.0,0.0,0.0,0.0,0.0,0.0,0.0,0.0,0.0,02-consolidation_three_phase-r02,consolidation_three_phase,17.0,0.0
139.145,0.0,0.0,0.0,0.0,0.0,0.0,0.0,0.0,0.0,0.0,02-consolidation_three_phase-r02,consolidation_three_phase,21.0,0.0
140.176,0.0,0.0,0.0,0.0,0.0,0.0,0.0,0.0,0.0,0.0,02-consolidation_three_phase-r02,consolidation_three_phase,21.0,0.0
141.204,0.0,0.0,0.0,0.0,0.0,0.0,0.0,0.0,0.0,0.0,02-consolidation_three_phase-r02,consolidation_three_phase,21.0,0.0
142.244,0.0,0.0,0.0,0.0,0.0,0.0,0.0,0.0,0.0,0.0,02-consolidation_three_phase-r02,consolidation_three_phase,20.0,0.0
143.273,0.0,0.0,0.0,0.0,0.0,0.0,0.0,0.0,0.0,0.0,02-consolidation_three_phase-r02,consolidation_three_phase,20.0,0.0
144.3,0.0,0.0,0.0,0.0,0.0,0.0,0.0,0.0,0.0,0.0,02-consolidation_three_phase-r02,consolidation_three_phase,19.0,0.0
145.329,0.0,0.0,0.0,0.0,0.0,0.0,0.0,0.0,0.0,0.0,02-consolidation_three_phase-r02,consolidation_three_phase,23.0,0.0
146.358,0.0,0.0,0.0,0.0,0.0,0.0,0.0,0.0,0.0,0.0,02-consolidation_three_phase-r02,consolidation_three_phase,22.0,0.0
147.394,0.0,0.0,0.0,0.0,0.0,0.0,0.0,0.0,0.0,0.0,02-consolidation_three_phase-r02,consolidation_three_phase,22.0,0.0
148.423,0.0,0.0,0.0,0.0,0.0,0.0,0.0,0.0,0.0,0.0,02-consolidation_three_phase-r02,consolidation_three_phase,22.0,0.0
149.454,0.0,0.0,0.0,0.0,0.0,0.0,0.0,0.0,0.0,0.0,02-consolidation_three_phase-r02,consolidation_three_phase,22.0,0.0
150.485,0.0,0.0,0.0,0.0,0.0,0.0,0.0,0.0,0.0,0.0,02-consolidation_three_phase-r02,consolidation_three_phase,24.0,0.0
151.515,0.0,0.0,0.0,0.0,0.0,0.0,0.0,0.0,0.0,0.0,02-consolidation_three_phase-r02,consolidation_three_phase,25.0,0.0
152.546,0.0,0.0,0.0,0.0,0.0,0.0,0.0,0.0,0.0,0.0,02-consolidation_three_phase-r02,consolidation_three_phase,21.0,0.0
153.576,0.0,0.0,0.0,0.0,0.0,0.0,0.0,0.0,0.0,0.0,02-consolidation_three_phase-r02,consolidation_three_phase,25.0,0.0
154.607,0.0,0.0,0.0,0.0,0.0,0.0,0.0,0.0,0.0,0.0,02-consolidation_three_phase-r02,consolidation_three_phase,23.0,0.0
155.642,0.0,0.0,0.0,0.0,0.0,0.0,0.0,0.0,0.0,0.0,02-consolidation_three_phase-r02,consolidation_three_phase,25.0,0.0
156.673,0.0,0.0,0.0,0.0,0.0,0.0,0.0,0.0,0.0,0.0,02-consolidation_three_phase-r02,consolidation_three_phase,17.0,0.0
157.702,0.0,0.0,0.0,0.0,0.0,0.0,0.0,0.0,0.0,0.0,02-consolidation_three_phase-r02,consolidation_three_phase,24.0,0.0
158.738,0.0,0.0,0.0,0.0,0.0,0.0,0.0,0.0,0.0,0.0,02-consolidation_three_phase-r02,consolidation_three_phase,26.0,0.0
159.767,0.0,0.0,0.0,0.0,0.0,0.0,0.0,0.0,0.0,0.0,02-consolidation_three_phase-r02,consolidation_three_phase,25.0,0.0
160.795,0.0,0.0,0.0,0.0,0.0,0.0,0.0,0.0,0.0,0.0,02-consolidation_three_phase-r02,consolidation_three_phase,27.0,0.0
161.825,0.0,0.0,0.0,0.0,0.0,0.0,0.0,0.0,0.0,0.0,02-consolidation_three_phase-r02,consolidation_three_phase,26.0,0.0
162.854,0.0,0.0,0.0,0.0,0.0,0.0,0.0,0.0,0.0,0.0,02-consolidation_three_phase-r02,consolidation_three_phase,17.0,0.0
163.885,0.0,0.0,0.0,0.0,0.0,0.0,0.0,0.0,0.0,0.0,02-consolidation_three_phase-r02,consolidation_three_phase,24.0,0.0
164.918,0.0,0.0,0.0,0.0,0.0,0.0,0.0,0.0,0.0,0.0,02-consolidation_three_phase-r02,consolidation_three_phase,25.0,0.0
165.948,0.0,0.0,0.0,0.0,0.0,0.0,0.0,0.0,0.0,0.0,02-consolidation_three_phase-r02,consolidation_three_phase,27.0,0.0
166.979,0.0,0.0,0.0,0.0,0.0,0.0,0.0,0.0,0.0,0.0,02-consolidation_three_phase-r02,consolidation_three_phase,25.0,0.0
168.007,0.0,0.0,0.0,0.0,0.0,0.0,0.0,0.0,0.0,0.0,02-consolidation_three_phase-r02,consolidation_three_phase,27.0,0.0
169.046,0.0,0.0,0.0,0.0,0.0,0.0,0.0,0.0,0.0,0.0,02-consolidation_three_phase-r02,consolidation_three_phase,9.0,0.0
170.072,0.0,0.0,0.0,0.0,0.0,0.0,0.0,0.0,0.0,0.0,02-consolidation_three_phase-r02,consolidation_three_phase,27.0,0.0
171.102,0.0,0.0,0.0,0.0,0.0,0.0,0.0,0.0,0.0,0.0,02-consolidation_three_phase-r02,consolidation_three_phase,26.0,0.0
172.132,0.0,0.0,0.0,0.0,0.0,0.0,0.0,0.0,0.0,0.0,02-consolidation_three_phase-r02,consolidation_three_phase,26.0,0.0
173.161,0.0,0.0,0.0,0.0,0.0,0.0,0.0,0.0,0.0,0.0,02-consolidation_three_phase-r02,consolidation_three_phase,26.0,0.0
174.199,0.0,0.0,0.0,0.0,0.0,0.0,0.0,0.0,0.0,0.0,02-consolidation_three_phase-r02,consolidation_three_phase,19.0,0.0
175.229,0.0,0.0,0.0,0.0,0.0,0.0,0.0,0.0,0.0,0.0,02-consolidation_three_phase-r02,consolidation_three_phase,18.0,0.0
176.264,0.0,0.0,0.0,0.0,0.0,0.0,0.0,0.0,0.0,0.0,02-consolidation_three_phase-r02,consolidation_three_phase,26.0,0.0
177.296,0.0,0.0,0.0,0.0,0.0,0.0,0.0,0.0,0.0,0.0,02-consolidation_three_phase-r02,consolidation_three_phase,19.0,0.0
178.33,0.0,0.0,0.0,0.0,0.0,0.0,0.0,0.0,0.0,0.0,02-consolidation_three_phase-r02,consolidation_three_phase,26.0,0.0
179.358,0.0,0.0,0.0,0.0,0.0,0.0,0.0,0.0,0.0,0.0,02-consolidation_three_phase-r02,consolidation_three_phase,22.0,0.0
180.396,0.0,0.0,0.0,0.0,0.0,0.0,0.0,0.0,0.0,0.0,02-consolidation_three_phase-r02,consolidation_three_phase,25.0,0.0
181.427,0.0,0.0,0.0,0.0,0.0,0.0,0.0,0.0,0.0,0.0,02-consolidation_three_phase-r02,consolidation_three_phase,21.0,0.0
182.457,0.0,0.0,0.0,0.0,0.0,0.0,0.0,0.0,0.0,0.0,02-consolidation_three_phase-r02,consolidation_three_phase,19.0,0.0
183.5,0.0,0.0,0.0,0.0,0.0,0.0,0.0,0.0,0.0,0.0,02-consolidation_three_phase-r02,consolidation_three_phase,22.0,0.0
184.53,0.0,0.0,0.0,0.0,0.0,0.0,0.0,0.0,0.0,0.0,02-consolidation_three_phase-r02,consolidation_three_phase,26.0,0.0
185.565,0.0,0.0,0.0,0.0,0.0,0.0,0.0,0.0,0.0,0.0,02-consolidation_three_phase-r02,consolidation_three_phase,26.0,0.0
186.597,0.0,0.0,0.0,0.0,0.0,0.0,0.0,0.0,0.0,0.0,02-consolidation_three_phase-r02,consolidation_three_phase,15.0,0.0
187.632,0.0,0.0,0.0,0.0,0.0,0.0,0.0,0.0,0.0,0.0,02-consolidation_three_phase-r02,consolidation_three_phase,20.0,0.0
188.661,0.0,0.0,0.0,0.0,0.0,0.0,0.0,0.0,0.0,0.0,02-consolidation_three_phase-r02,consolidation_three_phase,20.0,0.0
189.696,0.0,0.0,0.0,0.0,0.0,0.0,0.0,0.0,0.0,0.0,02-consolidation_three_phase-r02,consolidation_three_phase,18.0,0.0
190.727,0.0,0.0,0.0,0.0,0.0,0.0,0.0,0.0,0.0,0.0,02-consolidation_three_phase-r02,consolidation_three_phase,23.0,0.0
191.758,0.0,0.0,0.0,0.0,0.0,0.0,0.0,0.0,0.0,0.0,02-consolidation_three_phase-r02,consolidation_three_phase,17.0,0.0
192.797,0.0,0.0,0.0,0.0,0.0,0.0,0.0,0.0,0.0,0.0,02-consolidation_three_phase-r02,consolidation_three_phase,21.0,0.0
193.825,0.0,0.0,0.0,0.0,0.0,0.0,0.0,0.0,0.0,0.0,02-consolidation_three_phase-r02,consolidation_three_phase,11.0,0.0
194.857,0.0,0.0,0.0,0.0,0.0,0.0,0.0,0.0,0.0,0.0,02-consolidation_three_phase-r02,consolidation_three_phase,23.0,0.0
195.895,0.0,0.0,0.0,0.0,0.0,0.0,0.0,0.0,0.0,0.0,02-consolidation_three_phase-r02,consolidation_three_phase,20.0,0.0
196.926,0.0,0.0,0.0,0.0,0.0,0.0,0.0,0.0,0.0,0.0,02-consolidation_three_phase-r02,consolidation_three_phase,20.0,0.0
197.955,0.0,0.0,0.0,0.0,0.0,0.0,0.0,0.0,0.0,0.0,02-consolidation_three_phase-r02,consolidation_three_phase,21.0,0.0
198.985,0.0,0.0,0.0,0.0,0.0,0.0,0.0,0.0,0.0,0.0,02-consolidation_three_phase-r02,consolidation_three_phase,20.0,0.0
200.013,0.0,0.0,0.0,0.0,0.0,0.0,0.0,0.0,0.0,0.0,02-consolidation_three_phase-r02,consolidation_three_phase,20.0,0.0
201.046,0.0,0.0,0.0,0.0,0.0,0.0,0.0,0.0,0.0,0.0,02-consolidation_three_phase-r02,consolidation_three_phase,21.0,0.0
202.078,0.0,0.0,0.0,0.0,0.0,0.0,0.0,0.0,0.0,0.0,02-consolidation_three_phase-r02,consolidation_three_phase,10.0,0.0
203.113,0.0,0.0,0.0,0.0,0.0,0.0,0.0,0.0,0.0,0.0,02-consolidation_three_phase-r02,consolidation_three_phase,26.0,0.0
204.144,0.0,0.0,0.0,0.0,0.0,0.0,0.0,0.0,0.0,0.0,02-consolidation_three_phase-r02,consolidation_three_phase,27.0,0.0
205.175,0.0,0.0,0.0,0.0,0.0,0.0,0.0,0.0,0.0,0.0,02-consolidation_three_phase-r02,consolidation_three_phase,27.0,0.0
206.204,0.0,0.0,0.0,0.0,0.0,0.0,0.0,0.0,0.0,0.0,02-consolidation_three_phase-r02,consolidation_three_phase,28.0,0.0
207.238,0.0,0.0,0.0,0.0,0.0,0.0,0.0,0.0,0.0,0.0,02-consolidation_three_phase-r02,consolidation_three_phase,29.0,0.0
208.268,0.0,0.0,0.0,0.0,0.0,0.0,0.0,0.0,0.0,0.0,02-consolidation_three_phase-r02,consolidation_three_phase,23.0,0.0
209.299,0.0,0.0,0.0,0.0,0.0,0.0,0.0,0.0,0.0,0.0,02-consolidation_three_phase-r02,consolidation_three_phase,29.0,0.0
210.33,0.0,0.0,0.0,0.0,0.0,0.0,0.0,0.0,0.0,0.0,02-consolidation_three_phase-r02,consolidation_three_phase,32.0,0.0
211.359,0.0,0.0,0.0,0.0,0.0,0.0,0.0,0.0,0.0,0.0,02-consolidation_three_phase-r02,consolidation_three_phase,36.0,0.0
212.397,0.0,0.0,0.0,0.0,0.0,0.0,0.0,0.0,0.0,0.0,02-consolidation_three_phase-r02,consolidation_three_phase,33.0,0.0
213.433,0.0,0.0,0.0,0.0,0.0,0.0,0.0,0.0,0.0,0.0,02-consolidation_three_phase-r02,consolidation_three_phase,32.0,0.0
214.465,0.0,0.0,0.0,0.0,0.0,0.0,0.0,0.0,0.0,0.0,02-consolidation_three_phase-r02,consolidation_three_phase,37.0,0.0
215.498,0.0,0.0,0.0,0.0,0.0,0.0,0.0,0.0,0.0,0.0,02-consolidation_three_phase-r02,consolidation_three_phase,35.0,0.0
216.528,0.0,0.0,0.0,0.0,0.0,0.0,0.0,0.0,0.0,0.0,02-consolidation_three_phase-r02,consolidation_three_phase,39.0,0.0
217.561,0.0,0.0,0.0,0.0,0.0,0.0,0.0,0.0,0.0,0.0,02-consolidation_three_phase-r02,consolidation_three_phase,47.0,0.0
218.6,0.0,0.0,0.0,0.0,0.0,0.0,0.0,0.0,0.0,0.0,02-consolidation_three_phase-r02,consolidation_three_phase,36.0,0.0
219.633,0.0,0.0,0.0,0.0,0.0,0.0,0.0,0.0,0.0,0.0,02-consolidation_three_phase-r02,consolidation_three_phase,40.0,0.0
220.663,0.0,0.0,0.0,0.0,0.0,0.0,0.0,0.0,0.0,0.0,02-consolidation_three_phase-r02,consolidation_three_phase,40.0,0.0
221.697,0.0,0.0,0.0,0.0,0.0,0.0,0.0,0.0,0.0,0.0,02-consolidation_three_phase-r02,consolidation_three_phase,40.0,0.0
222.73,0.0,0.0,0.0,0.0,0.0,0.0,0.0,0.0,0.0,0.0,02-consolidation_three_phase-r02,consolidation_three_phase,43.0,0.0
223.764,0.0,0.0,0.0,0.0,0.0,0.0,0.0,0.0,0.0,0.0,02-consolidation_three_phase-r02,consolidation_three_phase,40.0,0.0
224.795,0.0,0.0,0.0,0.0,0.0,0.0,0.0,0.0,0.0,0.0,02-consolidation_three_phase-r02,consolidation_three_phase,36.0,0.0
225.827,0.0,0.0,0.0,0.0,0.0,0.0,0.0,0.0,0.0,0.0,02-consolidation_three_phase-r02,consolidation_three_phase,34.0,0.0
226.863,0.0,0.0,0.0,0.0,0.0,0.0,0.0,0.0,0.0,0.0,02-consolidation_three_phase-r02,consolidation_three_phase,38.0,0.0
227.912,0.0,0.0,0.0,0.0,0.0,0.0,0.0,0.0,0.0,0.0,02-consolidation_three_phase-r02,consolidation_three_phase,36.0,0.0
228.95,0.0,0.0,0.0,0.0,0.0,0.0,0.0,0.0,0.0,0.0,02-consolidation_three_phase-r02,consolidation_three_phase,37.0,0.0
229.983,0.0,0.0,0.0,0.0,0.0,0.0,0.0,0.0,0.0,0.0,02-consolidation_three_phase-r02,consolidation_three_phase,38.0,0.0
231.016,0.0,0.0,0.0,0.0,0.0,0.0,0.0,0.0,0.0,0.0,02-consolidation_three_phase-r02,consolidation_three_phase,39.0,0.0
232.049,0.0,0.0,0.0,0.0,0.0,0.0,0.0,0.0,0.0,0.0,02-consolidation_three_phase-r02,consolidation_three_phase,38.0,0.0
233.083,0.0,0.0,0.0,0.0,0.0,0.0,0.0,0.0,0.0,0.0,02-consolidation_three_phase-r02,consolidation_three_phase,38.0,0.0
234.113,0.0,0.0,0.0,0.0,0.0,0.0,0.0,0.0,0.0,0.0,02-consolidation_three_phase-r02,consolidation_three_phase,34.0,0.0
235.154,0.0,0.0,0.0,0.0,0.0,0.0,0.0,0.0,0.0,0.0,02-consolidation_three_phase-r02,consolidation_three_phase,42.0,0.0
236.194,0.0,0.0,0.0,0.0,0.0,0.0,0.0,0.0,0.0,0.0,02-consolidation_three_phase-r02,consolidation_three_phase,36.0,0.0
237.226,0.0,0.0,0.0,0.0,0.0,0.0,0.0,0.0,0.0,0.0,02-consolidation_three_phase-r02,consolidation_three_phase,29.0,0.0
238.258,0.0,0.0,0.0,0.0,0.0,0.0,0.0,0.0,0.0,0.0,02-consolidation_three_phase-r02,consolidation_three_phase,41.0,0.0
239.295,0.0,0.0,0.0,0.0,0.0,0.0,0.0,0.0,0.0,0.0,02-consolidation_three_phase-r02,consolidation_three_phase,40.0,0.0
240.329,0.0,0.0,0.0,0.0,0.0,0.0,0.0,0.0,0.0,0.0,02-consolidation_three_phase-r02,consolidation_three_phase,45.0,0.0
241.359,0.0,0.0,0.0,0.0,0.0,0.0,0.0,0.0,0.0,0.0,02-consolidation_three_phase-r02,consolidation_three_phase,37.0,0.0
242.401,0.0,0.0,0.0,0.0,0.0,0.0,0.0,0.0,0.0,0.0,02-consolidation_three_phase-r02,consolidation_three_phase,40.0,0.0
243.439,0.0,0.0,0.0,0.0,0.0,0.0,0.0,0.0,0.0,0.0,02-consolidation_three_phase-r02,consolidation_three_phase,40.0,0.0
244.474,0.0,0.0,0.0,0.0,0.0,0.0,0.0,0.0,0.0,0.0,02-consolidation_three_phase-r02,consolidation_three_phase,31.0,0.0
245.51,0.0,0.0,0.0,0.0,0.0,0.0,0.0,0.0,0.0,0.0,02-consolidation_three_phase-r02,consolidation_three_phase,47.0,0.0
246.549,0.0,0.0,0.0,0.0,0.0,0.0,0.0,0.0,0.0,0.0,02-consolidation_three_phase-r02,consolidation_three_phase,37.0,0.0
247.581,0.0,0.0,0.0,0.0,0.0,0.0,0.0,0.0,0.0,0.0,02-consolidation_three_phase-r02,consolidation_three_phase,47.0,0.0
248.614,0.0,0.0,0.0,0.0,0.0,0.0,0.0,0.0,0.0,0.0,02-consolidation_three_phase-r02,consolidation_three_phase,40.0,0.0
249.652,0.0,0.0,0.0,0.0,0.0,0.0,0.0,0.0,0.0,0.0,02-consolidation_three_phase-r02,consolidation_three_phase,43.0,0.0
250.684,0.0,0.0,0.0,0.0,0.0,0.0,0.0,0.0,0.0,0.0,02-consolidation_three_phase-r02,consolidation_three_phase,44.0,0.0
251.723,0.0,0.0,0.0,0.0,0.0,0.0,0.0,0.0,0.0,0.0,02-consolidation_three_phase-r02,consolidation_three_phase,45.0,0.0
252.758,0.0,0.0,0.0,0.0,0.0,0.0,0.0,0.0,0.0,0.0,02-consolidation_three_phase-r02,consolidation_three_phase,45.0,0.0
253.798,0.0,0.0,0.0,0.0,0.0,0.0,0.0,0.0,0.0,0.0,02-consolidation_three_phase-r02,consolidation_three_phase,46.0,0.0
254.832,0.0,0.0,0.0,0.0,0.0,0.0,0.0,0.0,0.0,0.0,02-consolidation_three_phase-r02,consolidation_three_phase,52.0,0.0
255.867,0.0,0.0,0.0,0.0,0.0,0.0,0.0,0.0,0.0,0.0,02-consolidation_three_phase-r02,consolidation_three_phase,44.0,0.0
256.903,0.0,0.0,0.0,0.0,0.0,0.0,0.0,0.0,0.0,0.0,02-consolidation_three_phase-r02,consolidation_three_phase,44.0,0.0
257.943,0.0,0.0,0.0,0.0,0.0,0.0,0.0,0.0,0.0,0.0,02-consolidation_three_phase-r02,consolidation_three_phase,46.0,0.0
258.975,0.0,0.0,0.0,0.0,0.0,0.0,0.0,0.0,0.0,0.0,02-consolidation_three_phase-r02,consolidation_three_phase,46.0,0.0
260.008,0.0,0.0,0.0,0.0,0.0,0.0,0.0,0.0,0.0,0.0,02-consolidation_three_phase-r02,consolidation_three_phase,41.0,0.0
261.051,0.0,0.0,0.0,0.0,0.0,0.0,0.0,0.0,0.0,0.0,02-consolidation_three_phase-r02,consolidation_three_phase,49.0,0.0
262.086,0.0,0.0,0.0,0.0,0.0,0.0,0.0,0.0,0.0,0.0,02-consolidation_three_phase-r02,consolidation_three_phase,47.0,0.0
263.123,0.0,0.0,0.0,0.0,0.0,0.0,0.0,0.0,0.0,0.0,02-consolidation_three_phase-r02,consolidation_three_phase,50.0,0.0
264.154,0.0,0.0,0.0,0.0,0.0,0.0,0.0,0.0,0.0,0.0,02-consolidation_three_phase-r02,consolidation_three_phase,43.0,0.0
265.204,0.0,0.0,0.0,0.0,0.0,0.0,0.0,0.0,0.0,0.0,02-consolidation_three_phase-r02,consolidation_three_phase,47.0,0.0
266.245,0.0,0.0,0.0,0.0,0.0,0.0,0.0,0.0,0.0,0.0,02-consolidation_three_phase-r02,consolidation_three_phase,37.0,0.0
267.28,0.0,0.0,0.0,0.0,0.0,0.0,0.0,0.0,0.0,0.0,02-consolidation_three_phase-r02,consolidation_three_phase,44.0,0.0
268.317,0.0,0.0,0.0,0.0,0.0,0.0,0.0,0.0,0.0,0.0,02-consolidation_three_phase-r02,consolidation_three_phase,49.0,0.0
269.352,0.0,0.0,0.0,0.0,0.0,0.0,0.0,0.0,0.0,0.0,02-consolidation_three_phase-r02,consolidation_three_phase,46.0,0.0
270.386,0.0,0.0,0.0,0.0,0.0,0.0,0.0,0.0,0.0,0.0,02-consolidation_three_phase-r02,consolidation_three_phase,51.0,0.0
271.419,0.0,0.0,0.0,0.0,0.0,0.0,0.0,0.0,0.0,0.0,02-consolidation_three_phase-r02,consolidation_three_phase,44.0,0.0
272.453,0.0,0.0,0.0,0.0,0.0,0.0,0.0,0.0,0.0,0.0,02-consolidation_three_phase-r02,consolidation_three_phase,46.0,0.0
273.487,0.0,0.0,0.0,0.0,0.0,0.0,0.0,0.0,0.0,0.0,02-consolidation_three_phase-r02,consolidation_three_phase,47.0,0.0
274.523,0.0,0.0,0.0,0.0,0.0,0.0,0.0,0.0,0.0,0.0,02-consolidation_three_phase-r02,consolidation_three_phase,50.0,0.0
275.557,0.0,0.0,0.0,0.0,0.0,0.0,0.0,0.0,0.0,0.0,02-consolidation_three_phase-r02,consolidation_three_phase,46.0,0.0
276.602,0.0,0.0,0.0,0.0,0.0,0.0,0.0,0.0,0.0,0.0,02-consolidation_three_phase-r02,consolidation_three_phase,49.0,0.0
277.637,0.0,0.0,0.0,0.0,0.0,0.0,0.0,0.0,0.0,0.0,02-consolidation_three_phase-r02,consolidation_three_phase,52.0,0.0
278.672,0.0,0.0,0.0,0.0,0.0,0.0,0.0,0.0,0.0,0.0,02-consolidation_three_phase-r02,consolidation_three_phase,50.0,0.0
279.705,0.0,0.0,0.0,0.0,0.0,0.0,0.0,0.0,0.0,0.0,02-consolidation_three_phase-r02,consolidation_three_phase,48.0,0.0
280.744,0.0,0.0,0.0,0.0,0.0,0.0,0.0,0.0,0.0,0.0,02-consolidation_three_phase-r02,consolidation_three_phase,49.0,0.0
281.776,0.0,0.0,0.0,0.0,0.0,0.0,0.0,0.0,0.0,0.0,02-consolidation_three_phase-r02,consolidation_three_phase,51.0,0.0
282.808,0.0,0.0,0.0,0.0,0.0,0.0,0.0,0.0,0.0,0.0,02-consolidation_three_phase-r02,consolidation_three_phase,39.0,0.0
283.851,0.0,0.0,0.0,0.0,0.0,0.0,0.0,0.0,0.0,0.0,02-consolidation_three_phase-r02,consolidation_three_phase,45.0,0.0
284.887,0.0,0.0,0.0,0.0,0.0,0.0,0.0,0.0,0.0,0.0,02-consolidation_three_phase-r02,consolidation_three_phase,47.0,0.0
285.922,0.0,0.0,0.0,0.0,0.0,0.0,0.0,0.0,0.0,0.0,02-consolidation_three_phase-r02,consolidation_three_phase,51.0,0.0
286.955,0.0,0.0,0.0,0.0,0.0,0.0,0.0,0.0,0.0,0.0,02-consolidation_three_phase-r02,consolidation_three_phase,44.0,0.0
287.99,0.0,0.0,0.0,0.0,0.0,0.0,0.0,0.0,0.0,0.0,02-consolidation_three_phase-r02,consolidation_three_phase,45.0,0.0
289.024,0.0,0.0,0.0,0.0,0.0,0.0,0.0,0.0,0.0,0.0,02-consolidation_three_phase-r02,consolidation_three_phase,43.0,0.0
290.063,0.0,0.0,0.0,0.0,0.0,0.0,0.0,0.0,0.0,0.0,02-consolidation_three_phase-r02,consolidation_three_phase,40.0,0.0
291.106,0.0,0.0,0.0,0.0,0.0,0.0,0.0,0.0,0.0,0.0,02-consolidation_three_phase-r02,consolidation_three_phase,53.0,0.0
292.151,0.0,0.0,0.0,0.0,0.0,0.0,0.0,0.0,0.0,0.0,02-consolidation_three_phase-r02,consolidation_three_phase,44.0,0.0
293.187,0.0,0.0,0.0,0.0,0.0,0.0,0.0,0.0,0.0,0.0,02-consolidation_three_phase-r02,consolidation_three_phase,44.0,0.0
294.237,0.0,0.0,0.0,0.0,0.0,0.0,0.0,0.0,0.0,0.0,02-consolidation_three_phase-r02,consolidation_three_phase,51.0,0.0
295.27,0.0,0.0,0.0,0.0,0.0,0.0,0.0,0.0,0.0,0.0,02-consolidation_three_phase-r02,consolidation_three_phase,32.0,0.0
296.305,0.0,0.0,0.0,0.0,0.0,0.0,0.0,0.0,0.0,0.0,02-consolidation_three_phase-r02,consolidation_three_phase,53.0,0.0
297.345,0.0,0.0,0.0,0.0,0.0,0.0,0.0,0.0,0.0,0.0,02-consolidation_three_phase-r02,consolidation_three_phase,49.0,0.0
298.383,0.0,0.0,0.0,0.0,0.0,0.0,0.0,0.0,0.0,0.0,02-consolidation_three_phase-r02,consolidation_three_phase,48.0,0.0
299.417,0.0,0.0,0.0,0.0,0.0,0.0,0.0,0.0,0.0,0.0,02-consolidation_three_phase-r02,consolidation_three_phase,53.0,0.0
300.453,0.0,0.0,0.0,0.0,0.0,0.0,0.0,0.0,0.0,0.0,02-consolidation_three_phase-r02,consolidation_three_phase,2.0,0.0
