run,block,arm,entitled_offered,entitled_http_200,entitled_http_429,entitled_success_ratio,entitled_normalized_tokens_delivered,entitled_normalized_tokens_per_second,entitled_ttft_p50_ms,entitled_ttft_p95_ms,entitled_ttft_p99_ms,entitled_reserved_offered,entitled_reserved_http_200,entitled_reserved_success_ratio,entitled_reserved_normalized_tokens_per_second,entitled_reserved_ttft_p95_ms,entitled_overflow_offered,entitled_classifier_rejected,background_offered,background_http_200,background_http_429,background_success_ratio,background_normalized_tokens_delivered,background_normalized_tokens_per_second,background_ttft_p50_ms,background_ttft_p95_ms,background_ttft_p99_ms,classifier_total,classifier_forwarded,classifier_rejected,classifier_reserved,classifier_overflow,classifier_redis_p95_ms,classifier_redis_max_ms,batch_status,batch_completed,batch_failed,batch_elapsed_s,batch_async_retries,batch_async_backlog_peak
no-quota-block-1,1,no-quota,1410,1379,31,0.9780141843971631,1234205,5142.520833333333,227.62489318847656,810.7606172561643,961.1478662490845,0,0,,0.0,,1410,0,1410,1384,26,0.9815602836879432,1238680,5161.166666666667,180.1600456237793,776.8287539482117,898.488919734955,2820,2820,0,0,2820,0.0,0.0,completed,4752,0,299,62.0,4607.0
classifying-quota-block-1,1,classifying-quota,1410,1396,14,0.9900709219858156,1249420,5205.916666666667,116.87898635864258,312.3793601989746,421.72644138336136,1203,1196,0.9941812136325852,4460.083333333333,258.34059715270996,207,0,1410,1379,31,0.9780141843971631,1234205,5142.520833333333,194.88000869750977,533.5538864135742,703.0970001220705,2820,2820,0,1203,1617,5.009349999999999,12.751,completed,4752,0,308,99.0,4547.0
blocking-quota-block-1,1,blocking-quota,1410,1194,216,0.8468085106382979,1068630,4452.625,106.12475872039795,236.8049144744873,301.76738739013666,1202,1194,0.9933444259567388,4452.625,236.8049144744873,0,208,1410,1372,38,0.9730496453900709,1227940,5116.416666666667,160.0266695022583,392.47660636901867,528.2967853546136,2820,2612,208,1202,1410,4.9371,94.128,completed,4752,0,302,79.0,4383.0
no-quota-block-2,2,no-quota,1410,1372,38,0.9730496453900709,1227940,5116.416666666667,180.32550811767578,433.8030219078064,542.8853058815,0,0,,0.0,,1410,0,1410,1393,17,0.9879432624113476,1246735,5194.729166666667,143.02921295166016,370.68109512329085,499.52939987182566,2820,2820,0,0,2820,0.0,0.0,completed,4752,0,304,108.0,4635.0
classifying-quota-block-2,2,classifying-quota,1410,1390,20,0.9858156028368794,1244050,5183.541666666667,118.82638931274414,317.7860856056213,463.85277032851894,1211,1195,0.9867877786952931,4456.354166666667,270.6230401992798,199,0,1410,1375,35,0.975177304964539,1230625,5127.604166666667,198.47583770751953,543.8473224639891,707.0323944091797,2820,2820,0,1211,1609,5.031199999999998,73.078,completed,4752,0,311,87.0,4378.0
blocking-quota-block-2,2,blocking-quota,1410,1195,215,0.8475177304964538,1069525,4456.354166666667,120.10049819946289,303.79638671875,401.753315925598,1203,1195,0.9933499584372403,4456.354166666667,303.79638671875,0,207,1410,1377,33,0.9765957446808511,1232415,5135.0625,193.99571418762207,506.40316009521496,639.6474170684816,2820,2613,207,1203,1410,4.911,8.467,completed,4752,0,300,86.0,4608.0
no-quota-block-3,3,no-quota,1410,1379,31,0.9780141843971631,1234205,5142.520833333333,190.45209884643555,458.71002674102766,614.2706537246704,0,0,,0.0,,1410,0,1410,1388,22,0.9843971631205674,1242260,5176.083333333333,143.24891567230225,412.334084510803,569.4760322570796,2820,2820,0,0,2820,0.0,0.0,completed,4752,0,304,109.0,4523.0
classifying-quota-block-3,3,classifying-quota,1410,1402,8,0.9943262411347518,1254790,5228.291666666667,138.4371519088745,531.8864345550538,822.1586298942566,1198,1194,0.996661101836394,4452.625,506.0176730155941,212,0,1410,1378,32,0.9773049645390071,1233310,5138.791666666667,235.46099662780762,697.6930975913995,882.0289158821107,2820,2820,0,1198,1622,5.053199999999999,45.757,completed,4752,0,301,94.0,4615.0
blocking-quota-block-3,3,blocking-quota,1410,1192,218,0.8453900709219858,1066840,4445.166666666667,131.50310516357422,688.787090778351,833.4811067581168,1202,1192,0.9916805324459235,4445.166666666667,688.787090778351,0,208,1410,1391,19,0.9865248226950355,1244945,5187.270833333333,197.4027156829834,806.5375089645386,981.5958738327026,2820,2612,208,1202,1410,5.0261999999999984,71.754,completed,4752,0,288,76.0,4439.0
