elapsed_s,run_id,scenario,vllm:num_requests_running,vllm:num_requests_waiting
0.0,02-test2_priority_noisy-r02,test2_priority_noisy,0.0,0.0
1.049,02-test2_priority_noisy-r02,test2_priority_noisy,40.0,0.0
2.074,02-test2_priority_noisy-r02,test2_priority_noisy,38.0,0.0
3.104,02-test2_priority_noisy-r02,test2_priority_noisy,37.0,0.0
4.126,02-test2_priority_noisy-r02,test2_priority_noisy,35.0,0.0
5.152,02-test2_priority_noisy-r02,test2_priority_noisy,35.0,0.0
6.177,02-test2_priority_noisy-r02,test2_priority_noisy,36.0,0.0
7.203,02-test2_priority_noisy-r02,test2_priority_noisy,35.0,0.0
8.225,02-test2_priority_noisy-r02,test2_priority_noisy,34.0,0.0
9.249,02-test2_priority_noisy-r02,test2_priority_noisy,31.0,0.0
10.274,02-test2_priority_noisy-r02,test2_priority_noisy,30.0,0.0
11.3,02-test2_priority_noisy-r02,test2_priority_noisy,30.0,0.0
12.325,02-test2_priority_noisy-r02,test2_priority_noisy,31.0,0.0
13.351,02-test2_priority_noisy-r02,test2_priority_noisy,29.0,0.0
14.376,02-test2_priority_noisy-r02,test2_priority_noisy,30.0,0.0
15.401,02-test2_priority_noisy-r02,test2_priority_noisy,31.0,0.0
16.425,02-test2_priority_noisy-r02,test2_priority_noisy,31.0,0.0
17.449,02-test2_priority_noisy-r02,test2_priority_noisy,30.0,0.0
18.472,02-test2_priority_noisy-r02,test2_priority_noisy,31.0,0.0
19.496,02-test2_priority_noisy-r02,test2_priority_noisy,31.0,0.0
20.52,02-test2_priority_noisy-r02,test2_priority_noisy,28.0,0.0
21.545,02-test2_priority_noisy-r02,test2_priority_noisy,30.0,0.0
22.574,02-test2_priority_noisy-r02,test2_priority_noisy,32.0,0.0
23.598,02-test2_priority_noisy-r02,test2_priority_noisy,34.0,0.0
24.622,02-test2_priority_noisy-r02,test2_priority_noisy,33.0,0.0
25.648,02-test2_priority_noisy-r02,test2_priority_noisy,34.0,0.0
26.67,02-test2_priority_noisy-r02,test2_priority_noisy,35.0,0.0
27.695,02-test2_priority_noisy-r02,test2_priority_noisy,32.0,0.0
28.725,02-test2_priority_noisy-r02,test2_priority_noisy,34.0,0.0
29.749,02-test2_priority_noisy-r02,test2_priority_noisy,35.0,0.0
30.773,02-test2_priority_noisy-r02,test2_priority_noisy,37.0,0.0
31.798,02-test2_priority_noisy-r02,test2_priority_noisy,36.0,0.0
32.819,02-test2_priority_noisy-r02,test2_priority_noisy,31.0,0.0
33.843,02-test2_priority_noisy-r02,test2_priority_noisy,32.0,0.0
34.868,02-test2_priority_noisy-r02,test2_priority_noisy,33.0,0.0
35.892,02-test2_priority_noisy-r02,test2_priority_noisy,34.0,0.0
36.917,02-test2_priority_noisy-r02,test2_priority_noisy,31.0,0.0
37.941,02-test2_priority_noisy-r02,test2_priority_noisy,33.0,0.0
38.968,02-test2_priority_noisy-r02,test2_priority_noisy,30.0,0.0
39.991,02-test2_priority_noisy-r02,test2_priority_noisy,30.0,0.0
41.015,02-test2_priority_noisy-r02,test2_priority_noisy,28.0,0.0
42.038,02-test2_priority_noisy-r02,test2_priority_noisy,23.0,0.0
43.064,02-test2_priority_noisy-r02,test2_priority_noisy,23.0,0.0
44.096,02-test2_priority_noisy-r02,test2_priority_noisy,24.0,0.0
45.122,02-test2_priority_noisy-r02,test2_priority_noisy,31.0,0.0
46.145,02-test2_priority_noisy-r02,test2_priority_noisy,30.0,0.0
47.169,02-test2_priority_noisy-r02,test2_priority_noisy,29.0,0.0
48.194,02-test2_priority_noisy-r02,test2_priority_noisy,28.0,0.0
49.218,02-test2_priority_noisy-r02,test2_priority_noisy,31.0,0.0
50.243,02-test2_priority_noisy-r02,test2_priority_noisy,29.0,0.0
51.267,02-test2_priority_noisy-r02,test2_priority_noisy,28.0,0.0
52.294,02-test2_priority_noisy-r02,test2_priority_noisy,30.0,0.0
53.321,02-test2_priority_noisy-r02,test2_priority_noisy,31.0,0.0
54.345,02-test2_priority_noisy-r02,test2_priority_noisy,34.0,0.0
55.368,02-test2_priority_noisy-r02,test2_priority_noisy,37.0,0.0
56.395,02-test2_priority_noisy-r02,test2_priority_noisy,34.0,0.0
57.419,02-test2_priority_noisy-r02,test2_priority_noisy,38.0,0.0
58.442,02-test2_priority_noisy-r02,test2_priority_noisy,36.0,0.0
59.466,02-test2_priority_noisy-r02,test2_priority_noisy,40.0,0.0
60.493,02-test2_priority_noisy-r02,test2_priority_noisy,40.0,0.0
61.518,02-test2_priority_noisy-r02,test2_priority_noisy,39.0,0.0
62.541,02-test2_priority_noisy-r02,test2_priority_noisy,40.0,0.0
63.567,02-test2_priority_noisy-r02,test2_priority_noisy,41.0,0.0
64.596,02-test2_priority_noisy-r02,test2_priority_noisy,41.0,0.0
65.621,02-test2_priority_noisy-r02,test2_priority_noisy,41.0,0.0
66.646,02-test2_priority_noisy-r02,test2_priority_noisy,37.0,0.0
67.675,02-test2_priority_noisy-r02,test2_priority_noisy,33.0,0.0
68.698,02-test2_priority_noisy-r02,test2_priority_noisy,37.0,0.0
69.724,02-test2_priority_noisy-r02,test2_priority_noisy,33.0,0.0
70.75,02-test2_priority_noisy-r02,test2_priority_noisy,33.0,0.0
71.775,02-test2_priority_noisy-r02,test2_priority_noisy,29.0,0.0
72.798,02-test2_priority_noisy-r02,test2_priority_noisy,32.0,0.0
73.821,02-test2_priority_noisy-r02,test2_priority_noisy,30.0,0.0
74.845,02-test2_priority_noisy-r02,test2_priority_noisy,23.0,0.0
75.87,02-test2_priority_noisy-r02,test2_priority_noisy,128.0,41.0
77.282,02-test2_priority_noisy-r02,test2_priority_noisy,125.0,8.0
78.329,02-test2_priority_noisy-r02,test2_priority_noisy,128.0,7.0
79.383,02-test2_priority_noisy-r02,test2_priority_noisy,128.0,34.0
80.428,02-test2_priority_noisy-r02,test2_priority_noisy,128.0,18.0
81.469,02-test2_priority_noisy-r02,test2_priority_noisy,116.0,0.0
82.541,02-test2_priority_noisy-r02,test2_priority_noisy,113.0,0.0
83.635,02-test2_priority_noisy-r02,test2_priority_noisy,128.0,31.0
84.688,02-test2_priority_noisy-r02,test2_priority_noisy,108.0,0.0
85.745,02-test2_priority_noisy-r02,test2_priority_noisy,128.0,14.0
86.785,02-test2_priority_noisy-r02,test2_priority_noisy,127.0,0.0
87.85,02-test2_priority_noisy-r02,test2_priority_noisy,128.0,27.0
88.884,02-test2_priority_noisy-r02,test2_priority_noisy,116.0,0.0
89.954,02-test2_priority_noisy-r02,test2_priority_noisy,127.0,38.0
90.988,02-test2_priority_noisy-r02,test2_priority_noisy,128.0,4.0
92.034,02-test2_priority_noisy-r02,test2_priority_noisy,110.0,0.0
93.079,02-test2_priority_noisy-r02,test2_priority_noisy,128.0,6.0
94.13,02-test2_priority_noisy-r02,test2_priority_noisy,128.0,14.0
95.181,02-test2_priority_noisy-r02,test2_priority_noisy,128.0,15.0
96.233,02-test2_priority_noisy-r02,test2_priority_noisy,128.0,23.0
97.29,02-test2_priority_noisy-r02,test2_priority_noisy,128.0,7.0
98.328,02-test2_priority_noisy-r02,test2_priority_noisy,128.0,8.0
99.377,02-test2_priority_noisy-r02,test2_priority_noisy,128.0,25.0
100.426,02-test2_priority_noisy-r02,test2_priority_noisy,128.0,31.0
101.476,02-test2_priority_noisy-r02,test2_priority_noisy,125.0,0.0
102.536,02-test2_priority_noisy-r02,test2_priority_noisy,128.0,5.0
103.567,02-test2_priority_noisy-r02,test2_priority_noisy,126.0,13.0
104.6,02-test2_priority_noisy-r02,test2_priority_noisy,128.0,31.0
105.639,02-test2_priority_noisy-r02,test2_priority_noisy,128.0,30.0
106.689,02-test2_priority_noisy-r02,test2_priority_noisy,128.0,16.0
107.737,02-test2_priority_noisy-r02,test2_priority_noisy,125.0,0.0
108.794,02-test2_priority_noisy-r02,test2_priority_noisy,116.0,3.0
109.859,02-test2_priority_noisy-r02,test2_priority_noisy,128.0,1.0
110.923,02-test2_priority_noisy-r02,test2_priority_noisy,128.0,39.0
111.964,02-test2_priority_noisy-r02,test2_priority_noisy,128.0,14.0
113.001,02-test2_priority_noisy-r02,test2_priority_noisy,127.0,16.0
114.034,02-test2_priority_noisy-r02,test2_priority_noisy,116.0,0.0
115.097,02-test2_priority_noisy-r02,test2_priority_noisy,128.0,29.0
116.127,02-test2_priority_noisy-r02,test2_priority_noisy,128.0,7.0
117.167,02-test2_priority_noisy-r02,test2_priority_noisy,128.0,6.0
118.205,02-test2_priority_noisy-r02,test2_priority_noisy,128.0,17.0
119.236,02-test2_priority_noisy-r02,test2_priority_noisy,126.0,16.0
120.275,02-test2_priority_noisy-r02,test2_priority_noisy,128.0,9.0
121.325,02-test2_priority_noisy-r02,test2_priority_noisy,128.0,9.0
122.355,02-test2_priority_noisy-r02,test2_priority_noisy,128.0,10.0
123.385,02-test2_priority_noisy-r02,test2_priority_noisy,128.0,8.0
124.428,02-test2_priority_noisy-r02,test2_priority_noisy,118.0,0.0
125.479,02-test2_priority_noisy-r02,test2_priority_noisy,128.0,9.0
126.527,02-test2_priority_noisy-r02,test2_priority_noisy,127.0,10.0
127.562,02-test2_priority_noisy-r02,test2_priority_noisy,128.0,5.0
128.594,02-test2_priority_noisy-r02,test2_priority_noisy,128.0,6.0
129.631,02-test2_priority_noisy-r02,test2_priority_noisy,128.0,22.0
130.664,02-test2_priority_noisy-r02,test2_priority_noisy,123.0,26.0
131.699,02-test2_priority_noisy-r02,test2_priority_noisy,128.0,6.0
132.73,02-test2_priority_noisy-r02,test2_priority_noisy,128.0,2.0
133.789,02-test2_priority_noisy-r02,test2_priority_noisy,128.0,44.0
134.838,02-test2_priority_noisy-r02,test2_priority_noisy,128.0,53.0
135.879,02-test2_priority_noisy-r02,test2_priority_noisy,128.0,31.0
136.923,02-test2_priority_noisy-r02,test2_priority_noisy,128.0,8.0
137.962,02-test2_priority_noisy-r02,test2_priority_noisy,117.0,0.0
139.042,02-test2_priority_noisy-r02,test2_priority_noisy,128.0,34.0
140.081,02-test2_priority_noisy-r02,test2_priority_noisy,128.0,38.0
141.125,02-test2_priority_noisy-r02,test2_priority_noisy,128.0,5.0
142.163,02-test2_priority_noisy-r02,test2_priority_noisy,128.0,18.0
143.22,02-test2_priority_noisy-r02,test2_priority_noisy,128.0,52.0
144.273,02-test2_priority_noisy-r02,test2_priority_noisy,128.0,30.0
145.327,02-test2_priority_noisy-r02,test2_priority_noisy,128.0,26.0
146.363,02-test2_priority_noisy-r02,test2_priority_noisy,128.0,5.0
147.413,02-test2_priority_noisy-r02,test2_priority_noisy,128.0,9.0
148.453,02-test2_priority_noisy-r02,test2_priority_noisy,128.0,10.0
149.486,02-test2_priority_noisy-r02,test2_priority_noisy,128.0,22.0
150.532,02-test2_priority_noisy-r02,test2_priority_noisy,128.0,17.0
151.576,02-test2_priority_noisy-r02,test2_priority_noisy,128.0,10.0
152.613,02-test2_priority_noisy-r02,test2_priority_noisy,128.0,9.0
153.646,02-test2_priority_noisy-r02,test2_priority_noisy,128.0,2.0
154.69,02-test2_priority_noisy-r02,test2_priority_noisy,128.0,20.0
155.737,02-test2_priority_noisy-r02,test2_priority_noisy,128.0,9.0
156.779,02-test2_priority_noisy-r02,test2_priority_noisy,128.0,6.0
157.82,02-test2_priority_noisy-r02,test2_priority_noisy,128.0,20.0
158.852,02-test2_priority_noisy-r02,test2_priority_noisy,128.0,26.0
159.88,02-test2_priority_noisy-r02,test2_priority_noisy,126.0,24.0
160.931,02-test2_priority_noisy-r02,test2_priority_noisy,119.0,0.0
162.027,02-test2_priority_noisy-r02,test2_priority_noisy,128.0,3.0
163.078,02-test2_priority_noisy-r02,test2_priority_noisy,128.0,25.0
164.122,02-test2_priority_noisy-r02,test2_priority_noisy,128.0,9.0
165.152,02-test2_priority_noisy-r02,test2_priority_noisy,128.0,3.0
166.184,02-test2_priority_noisy-r02,test2_priority_noisy,128.0,47.0
167.227,02-test2_priority_noisy-r02,test2_priority_noisy,128.0,47.0
168.26,02-test2_priority_noisy-r02,test2_priority_noisy,128.0,25.0
169.291,02-test2_priority_noisy-r02,test2_priority_noisy,125.0,0.0
170.347,02-test2_priority_noisy-r02,test2_priority_noisy,128.0,3.0
171.422,02-test2_priority_noisy-r02,test2_priority_noisy,128.0,1.0
172.494,02-test2_priority_noisy-r02,test2_priority_noisy,125.0,52.0
173.534,02-test2_priority_noisy-r02,test2_priority_noisy,128.0,33.0
174.597,02-test2_priority_noisy-r02,test2_priority_noisy,125.0,54.0
175.633,02-test2_priority_noisy-r02,test2_priority_noisy,128.0,43.0
176.678,02-test2_priority_noisy-r02,test2_priority_noisy,128.0,34.0
177.731,02-test2_priority_noisy-r02,test2_priority_noisy,128.0,2.0
178.774,02-test2_priority_noisy-r02,test2_priority_noisy,128.0,27.0
179.816,02-test2_priority_noisy-r02,test2_priority_noisy,128.0,9.0
180.86,02-test2_priority_noisy-r02,test2_priority_noisy,127.0,0.0
181.923,02-test2_priority_noisy-r02,test2_priority_noisy,123.0,0.0
182.978,02-test2_priority_noisy-r02,test2_priority_noisy,124.0,0.0
184.032,02-test2_priority_noisy-r02,test2_priority_noisy,128.0,1.0
185.082,02-test2_priority_noisy-r02,test2_priority_noisy,128.0,1.0
186.13,02-test2_priority_noisy-r02,test2_priority_noisy,118.0,0.0
187.178,02-test2_priority_noisy-r02,test2_priority_noisy,127.0,0.0
188.225,02-test2_priority_noisy-r02,test2_priority_noisy,128.0,9.0
189.273,02-test2_priority_noisy-r02,test2_priority_noisy,128.0,14.0
190.31,02-test2_priority_noisy-r02,test2_priority_noisy,128.0,13.0
191.34,02-test2_priority_noisy-r02,test2_priority_noisy,128.0,4.0
192.394,02-test2_priority_noisy-r02,test2_priority_noisy,128.0,1.0
193.447,02-test2_priority_noisy-r02,test2_priority_noisy,127.0,22.0
194.508,02-test2_priority_noisy-r02,test2_priority_noisy,128.0,10.0
195.54,02-test2_priority_noisy-r02,test2_priority_noisy,128.0,25.0
196.6,02-test2_priority_noisy-r02,test2_priority_noisy,128.0,26.0
197.631,02-test2_priority_noisy-r02,test2_priority_noisy,128.0,13.0
198.682,02-test2_priority_noisy-r02,test2_priority_noisy,128.0,9.0
199.725,02-test2_priority_noisy-r02,test2_priority_noisy,125.0,0.0
200.776,02-test2_priority_noisy-r02,test2_priority_noisy,128.0,4.0
201.825,02-test2_priority_noisy-r02,test2_priority_noisy,128.0,10.0
202.864,02-test2_priority_noisy-r02,test2_priority_noisy,128.0,7.0
203.917,02-test2_priority_noisy-r02,test2_priority_noisy,128.0,1.0
204.956,02-test2_priority_noisy-r02,test2_priority_noisy,128.0,7.0
205.994,02-test2_priority_noisy-r02,test2_priority_noisy,128.0,18.0
207.043,02-test2_priority_noisy-r02,test2_priority_noisy,128.0,21.0
208.086,02-test2_priority_noisy-r02,test2_priority_noisy,128.0,9.0
209.126,02-test2_priority_noisy-r02,test2_priority_noisy,128.0,1.0
210.212,02-test2_priority_noisy-r02,test2_priority_noisy,128.0,17.0
211.243,02-test2_priority_noisy-r02,test2_priority_noisy,128.0,14.0
212.282,02-test2_priority_noisy-r02,test2_priority_noisy,128.0,23.0
213.335,02-test2_priority_noisy-r02,test2_priority_noisy,124.0,10.0
214.377,02-test2_priority_noisy-r02,test2_priority_noisy,128.0,5.0
215.411,02-test2_priority_noisy-r02,test2_priority_noisy,128.0,6.0
216.449,02-test2_priority_noisy-r02,test2_priority_noisy,125.0,0.0
217.511,02-test2_priority_noisy-r02,test2_priority_noisy,126.0,8.0
218.538,02-test2_priority_noisy-r02,test2_priority_noisy,127.0,2.0
219.585,02-test2_priority_noisy-r02,test2_priority_noisy,128.0,11.0
220.632,02-test2_priority_noisy-r02,test2_priority_noisy,128.0,1.0
221.68,02-test2_priority_noisy-r02,test2_priority_noisy,123.0,20.0
222.731,02-test2_priority_noisy-r02,test2_priority_noisy,124.0,1.0
223.78,02-test2_priority_noisy-r02,test2_priority_noisy,128.0,27.0
224.832,02-test2_priority_noisy-r02,test2_priority_noisy,128.0,18.0
225.881,02-test2_priority_noisy-r02,test2_priority_noisy,83.0,0.0
226.924,02-test2_priority_noisy-r02,test2_priority_noisy,35.0,0.0
227.948,02-test2_priority_noisy-r02,test2_priority_noisy,32.0,0.0
228.973,02-test2_priority_noisy-r02,test2_priority_noisy,34.0,0.0
230.0,02-test2_priority_noisy-r02,test2_priority_noisy,34.0,0.0
231.023,02-test2_priority_noisy-r02,test2_priority_noisy,31.0,0.0
232.048,02-test2_priority_noisy-r02,test2_priority_noisy,27.0,0.0
233.07,02-test2_priority_noisy-r02,test2_priority_noisy,33.0,0.0
234.098,02-test2_priority_noisy-r02,test2_priority_noisy,30.0,0.0
235.12,02-test2_priority_noisy-r02,test2_priority_noisy,34.0,0.0
236.144,02-test2_priority_noisy-r02,test2_priority_noisy,33.0,0.0
237.169,02-test2_priority_noisy-r02,test2_priority_noisy,26.0,0.0
238.207,02-test2_priority_noisy-r02,test2_priority_noisy,25.0,0.0
239.231,02-test2_priority_noisy-r02,test2_priority_noisy,29.0,0.0
240.264,02-test2_priority_noisy-r02,test2_priority_noisy,29.0,0.0
241.289,02-test2_priority_noisy-r02,test2_priority_noisy,29.0,0.0
242.314,02-test2_priority_noisy-r02,test2_priority_noisy,30.0,0.0
243.338,02-test2_priority_noisy-r02,test2_priority_noisy,29.0,0.0
244.368,02-test2_priority_noisy-r02,test2_priority_noisy,31.0,0.0
245.392,02-test2_priority_noisy-r02,test2_priority_noisy,30.0,0.0
246.414,02-test2_priority_noisy-r02,test2_priority_noisy,33.0,0.0
247.439,02-test2_priority_noisy-r02,test2_priority_noisy,31.0,0.0
248.466,02-test2_priority_noisy-r02,test2_priority_noisy,31.0,0.0
249.492,02-test2_priority_noisy-r02,test2_priority_noisy,33.0,0.0
250.516,02-test2_priority_noisy-r02,test2_priority_noisy,34.0,0.0
251.538,02-test2_priority_noisy-r02,test2_priority_noisy,36.0,0.0
252.567,02-test2_priority_noisy-r02,test2_priority_noisy,33.0,0.0
253.591,02-test2_priority_noisy-r02,test2_priority_noisy,36.0,0.0
254.617,02-test2_priority_noisy-r02,test2_priority_noisy,36.0,0.0
255.64,02-test2_priority_noisy-r02,test2_priority_noisy,35.0,0.0
256.665,02-test2_priority_noisy-r02,test2_priority_noisy,35.0,0.0
257.689,02-test2_priority_noisy-r02,test2_priority_noisy,39.0,0.0
258.716,02-test2_priority_noisy-r02,test2_priority_noisy,38.0,0.0
259.738,02-test2_priority_noisy-r02,test2_priority_noisy,38.0,0.0
260.768,02-test2_priority_noisy-r02,test2_priority_noisy,35.0,0.0
261.794,02-test2_priority_noisy-r02,test2_priority_noisy,35.0,0.0
262.818,02-test2_priority_noisy-r02,test2_priority_noisy,30.0,0.0
263.841,02-test2_priority_noisy-r02,test2_priority_noisy,30.0,0.0
264.87,02-test2_priority_noisy-r02,test2_priority_noisy,31.0,0.0
265.899,02-test2_priority_noisy-r02,test2_priority_noisy,32.0,0.0
266.922,02-test2_priority_noisy-r02,test2_priority_noisy,31.0,0.0
267.95,02-test2_priority_noisy-r02,test2_priority_noisy,32.0,0.0
268.977,02-test2_priority_noisy-r02,test2_priority_noisy,32.0,0.0
270.006,02-test2_priority_noisy-r02,test2_priority_noisy,29.0,0.0
271.028,02-test2_priority_noisy-r02,test2_priority_noisy,29.0,0.0
272.052,02-test2_priority_noisy-r02,test2_priority_noisy,28.0,0.0
273.076,02-test2_priority_noisy-r02,test2_priority_noisy,29.0,0.0
274.102,02-test2_priority_noisy-r02,test2_priority_noisy,28.0,0.0
275.126,02-test2_priority_noisy-r02,test2_priority_noisy,27.0,0.0
276.149,02-test2_priority_noisy-r02,test2_priority_noisy,29.0,0.0
277.171,02-test2_priority_noisy-r02,test2_priority_noisy,31.0,0.0
278.193,02-test2_priority_noisy-r02,test2_priority_noisy,32.0,0.0
279.22,02-test2_priority_noisy-r02,test2_priority_noisy,31.0,0.0
280.245,02-test2_priority_noisy-r02,test2_priority_noisy,36.0,0.0
281.269,02-test2_priority_noisy-r02,test2_priority_noisy,33.0,0.0
282.292,02-test2_priority_noisy-r02,test2_priority_noisy,33.0,0.0
283.323,02-test2_priority_noisy-r02,test2_priority_noisy,34.0,0.0
284.348,02-test2_priority_noisy-r02,test2_priority_noisy,32.0,0.0
285.373,02-test2_priority_noisy-r02,test2_priority_noisy,35.0,0.0
286.398,02-test2_priority_noisy-r02,test2_priority_noisy,35.0,0.0
287.421,02-test2_priority_noisy-r02,test2_priority_noisy,35.0,0.0
288.446,02-test2_priority_noisy-r02,test2_priority_noisy,36.0,0.0
289.473,02-test2_priority_noisy-r02,test2_priority_noisy,38.0,0.0
290.497,02-test2_priority_noisy-r02,test2_priority_noisy,35.0,0.0
291.521,02-test2_priority_noisy-r02,test2_priority_noisy,36.0,0.0
292.546,02-test2_priority_noisy-r02,test2_priority_noisy,36.0,0.0
293.571,02-test2_priority_noisy-r02,test2_priority_noisy,34.0,0.0
294.595,02-test2_priority_noisy-r02,test2_priority_noisy,34.0,0.0
295.619,02-test2_priority_noisy-r02,test2_priority_noisy,34.0,0.0
296.645,02-test2_priority_noisy-r02,test2_priority_noisy,31.0,0.0
297.67,02-test2_priority_noisy-r02,test2_priority_noisy,29.0,0.0
298.696,02-test2_priority_noisy-r02,test2_priority_noisy,27.0,0.0
299.727,02-test2_priority_noisy-r02,test2_priority_noisy,30.0,0.0
300.753,02-test2_priority_noisy-r02,test2_priority_noisy,2.0,0.0
