elapsed_s,inference_extension_flow_control_queue_bytes|batch-tenant-a,inference_extension_flow_control_queue_bytes|premium-tenant-a,inference_extension_flow_control_queue_bytes|premium-tenant-b,inference_extension_flow_control_queue_bytes|premium-tenant-c,inference_extension_flow_control_queue_bytes|smoke,inference_extension_flow_control_queue_bytes|standard-tenant-a,inference_extension_flow_control_queue_bytes|standard-tenant-b,inference_extension_flow_control_queue_bytes|sweep-standard,inference_extension_flow_control_queue_bytes|warmup-standard,inference_extension_flow_control_queue_size|batch-tenant-a,inference_extension_flow_control_queue_size|premium-tenant-a,inference_extension_flow_control_queue_size|premium-tenant-b,inference_extension_flow_control_queue_size|premium-tenant-c,inference_extension_flow_control_queue_size|smoke,inference_extension_flow_control_queue_size|standard-tenant-a,inference_extension_flow_control_queue_size|standard-tenant-b,inference_extension_flow_control_queue_size|sweep-standard,inference_extension_flow_control_queue_size|warmup-standard,run_id,scenario,vllm:num_requests_running,vllm:num_requests_waiting
0.001,0.0,0.0,0.0,0.0,0.0,0.0,0.0,0.0,0.0,0.0,0.0,0.0,0.0,0.0,0.0,0.0,0.0,0.0,04-saturation_concurrency_128,saturation_concurrency_128,0.0,0.0
1.045,0.0,0.0,0.0,0.0,0.0,0.0,0.0,0.0,0.0,0.0,0.0,0.0,0.0,0.0,0.0,0.0,0.0,0.0,04-saturation_concurrency_128,saturation_concurrency_128,119.0,9.0
2.09,0.0,0.0,0.0,0.0,0.0,0.0,0.0,0.0,0.0,0.0,0.0,0.0,0.0,0.0,0.0,0.0,0.0,0.0,04-saturation_concurrency_128,saturation_concurrency_128,128.0,0.0
3.124,0.0,0.0,0.0,0.0,0.0,0.0,0.0,0.0,0.0,0.0,0.0,0.0,0.0,0.0,0.0,0.0,0.0,0.0,04-saturation_concurrency_128,saturation_concurrency_128,80.0,0.0
4.162,0.0,0.0,0.0,0.0,0.0,0.0,0.0,0.0,0.0,0.0,0.0,0.0,0.0,0.0,0.0,0.0,0.0,0.0,04-saturation_concurrency_128,saturation_concurrency_128,128.0,0.0
5.217,0.0,0.0,0.0,0.0,0.0,0.0,0.0,0.0,0.0,0.0,0.0,0.0,0.0,0.0,0.0,0.0,0.0,0.0,04-saturation_concurrency_128,saturation_concurrency_128,33.0,21.0
6.249,0.0,0.0,0.0,0.0,0.0,0.0,0.0,0.0,0.0,0.0,0.0,0.0,0.0,0.0,0.0,0.0,0.0,0.0,04-saturation_concurrency_128,saturation_concurrency_128,128.0,0.0
7.301,0.0,0.0,0.0,0.0,0.0,0.0,0.0,0.0,0.0,0.0,0.0,0.0,0.0,0.0,0.0,0.0,0.0,0.0,04-saturation_concurrency_128,saturation_concurrency_128,0.0,0.0
8.385,0.0,0.0,0.0,0.0,0.0,0.0,0.0,0.0,0.0,0.0,0.0,0.0,0.0,0.0,0.0,0.0,0.0,0.0,04-saturation_concurrency_128,saturation_concurrency_128,128.0,0.0
9.43,0.0,0.0,0.0,0.0,0.0,0.0,0.0,0.0,0.0,0.0,0.0,0.0,0.0,0.0,0.0,0.0,0.0,0.0,04-saturation_concurrency_128,saturation_concurrency_128,128.0,0.0
10.469,0.0,0.0,0.0,0.0,0.0,0.0,0.0,0.0,0.0,0.0,0.0,0.0,0.0,0.0,0.0,0.0,0.0,0.0,04-saturation_concurrency_128,saturation_concurrency_128,102.0,26.0
11.501,0.0,0.0,0.0,0.0,0.0,0.0,0.0,0.0,0.0,0.0,0.0,0.0,0.0,0.0,0.0,0.0,0.0,0.0,04-saturation_concurrency_128,saturation_concurrency_128,128.0,0.0
12.538,0.0,0.0,0.0,0.0,0.0,0.0,0.0,0.0,0.0,0.0,0.0,0.0,0.0,0.0,0.0,0.0,0.0,0.0,04-saturation_concurrency_128,saturation_concurrency_128,70.0,58.0
13.575,0.0,0.0,0.0,0.0,0.0,0.0,0.0,0.0,0.0,0.0,0.0,0.0,0.0,0.0,0.0,0.0,0.0,0.0,04-saturation_concurrency_128,saturation_concurrency_128,128.0,0.0
14.61,0.0,0.0,0.0,0.0,0.0,0.0,0.0,0.0,0.0,0.0,0.0,0.0,0.0,0.0,0.0,0.0,0.0,0.0,04-saturation_concurrency_128,saturation_concurrency_128,9.0,0.0
15.647,0.0,0.0,0.0,0.0,0.0,0.0,0.0,0.0,0.0,0.0,0.0,0.0,0.0,0.0,0.0,0.0,0.0,0.0,04-saturation_concurrency_128,saturation_concurrency_128,128.0,0.0
16.683,0.0,0.0,0.0,0.0,0.0,0.0,0.0,0.0,0.0,0.0,0.0,0.0,0.0,0.0,0.0,0.0,0.0,0.0,04-saturation_concurrency_128,saturation_concurrency_128,128.0,0.0
17.721,0.0,0.0,0.0,0.0,0.0,0.0,0.0,0.0,0.0,0.0,0.0,0.0,0.0,0.0,0.0,0.0,0.0,0.0,04-saturation_concurrency_128,saturation_concurrency_128,121.0,7.0
18.754,0.0,0.0,0.0,0.0,0.0,0.0,0.0,0.0,0.0,0.0,0.0,0.0,0.0,0.0,0.0,0.0,0.0,0.0,04-saturation_concurrency_128,saturation_concurrency_128,128.0,0.0
19.803,0.0,0.0,0.0,0.0,0.0,0.0,0.0,0.0,0.0,0.0,0.0,0.0,0.0,0.0,0.0,0.0,0.0,0.0,04-saturation_concurrency_128,saturation_concurrency_128,92.0,36.0
20.832,0.0,0.0,0.0,0.0,0.0,0.0,0.0,0.0,0.0,0.0,0.0,0.0,0.0,0.0,0.0,0.0,0.0,0.0,04-saturation_concurrency_128,saturation_concurrency_128,128.0,0.0
21.872,0.0,0.0,0.0,0.0,0.0,0.0,0.0,0.0,0.0,0.0,0.0,0.0,0.0,0.0,0.0,0.0,0.0,0.0,04-saturation_concurrency_128,saturation_concurrency_128,55.0,73.0
22.905,0.0,0.0,0.0,0.0,0.0,0.0,0.0,0.0,0.0,0.0,0.0,0.0,0.0,0.0,0.0,0.0,0.0,0.0,04-saturation_concurrency_128,saturation_concurrency_128,128.0,0.0
23.954,0.0,0.0,0.0,0.0,0.0,0.0,0.0,0.0,0.0,0.0,0.0,0.0,0.0,0.0,0.0,0.0,0.0,0.0,04-saturation_concurrency_128,saturation_concurrency_128,1.0,0.0
25.015,0.0,0.0,0.0,0.0,0.0,0.0,0.0,0.0,0.0,0.0,0.0,0.0,0.0,0.0,0.0,0.0,0.0,0.0,04-saturation_concurrency_128,saturation_concurrency_128,128.0,0.0
26.063,0.0,0.0,0.0,0.0,0.0,0.0,0.0,0.0,0.0,0.0,0.0,0.0,0.0,0.0,0.0,0.0,0.0,0.0,04-saturation_concurrency_128,saturation_concurrency_128,128.0,0.0
27.121,0.0,0.0,0.0,0.0,0.0,0.0,0.0,0.0,0.0,0.0,0.0,0.0,0.0,0.0,0.0,0.0,0.0,0.0,04-saturation_concurrency_128,saturation_concurrency_128,102.0,26.0
28.146,0.0,0.0,0.0,0.0,0.0,0.0,0.0,0.0,0.0,0.0,0.0,0.0,0.0,0.0,0.0,0.0,0.0,0.0,04-saturation_concurrency_128,saturation_concurrency_128,128.0,0.0
29.186,0.0,0.0,0.0,0.0,0.0,0.0,0.0,0.0,0.0,0.0,0.0,0.0,0.0,0.0,0.0,0.0,0.0,0.0,04-saturation_concurrency_128,saturation_concurrency_128,53.0,75.0
30.221,0.0,0.0,0.0,0.0,0.0,0.0,0.0,0.0,0.0,0.0,0.0,0.0,0.0,0.0,0.0,0.0,0.0,0.0,04-saturation_concurrency_128,saturation_concurrency_128,128.0,0.0
31.26,0.0,0.0,0.0,0.0,0.0,0.0,0.0,0.0,0.0,0.0,0.0,0.0,0.0,0.0,0.0,0.0,0.0,0.0,04-saturation_concurrency_128,saturation_concurrency_128,2.0,0.0
32.301,0.0,0.0,0.0,0.0,0.0,0.0,0.0,0.0,0.0,0.0,0.0,0.0,0.0,0.0,0.0,0.0,0.0,0.0,04-saturation_concurrency_128,saturation_concurrency_128,128.0,0.0
33.338,0.0,0.0,0.0,0.0,0.0,0.0,0.0,0.0,0.0,0.0,0.0,0.0,0.0,0.0,0.0,0.0,0.0,0.0,04-saturation_concurrency_128,saturation_concurrency_128,127.0,0.0
34.375,0.0,0.0,0.0,0.0,0.0,0.0,0.0,0.0,0.0,0.0,0.0,0.0,0.0,0.0,0.0,0.0,0.0,0.0,04-saturation_concurrency_128,saturation_concurrency_128,120.0,8.0
35.404,0.0,0.0,0.0,0.0,0.0,0.0,0.0,0.0,0.0,0.0,0.0,0.0,0.0,0.0,0.0,0.0,0.0,0.0,04-saturation_concurrency_128,saturation_concurrency_128,128.0,0.0
36.45,0.0,0.0,0.0,0.0,0.0,0.0,0.0,0.0,0.0,0.0,0.0,0.0,0.0,0.0,0.0,0.0,0.0,0.0,04-saturation_concurrency_128,saturation_concurrency_128,74.0,54.0
37.481,0.0,0.0,0.0,0.0,0.0,0.0,0.0,0.0,0.0,0.0,0.0,0.0,0.0,0.0,0.0,0.0,0.0,0.0,04-saturation_concurrency_128,saturation_concurrency_128,128.0,0.0
38.517,0.0,0.0,0.0,0.0,0.0,0.0,0.0,0.0,0.0,0.0,0.0,0.0,0.0,0.0,0.0,0.0,0.0,0.0,04-saturation_concurrency_128,saturation_concurrency_128,27.0,48.0
39.549,0.0,0.0,0.0,0.0,0.0,0.0,0.0,0.0,0.0,0.0,0.0,0.0,0.0,0.0,0.0,0.0,0.0,0.0,04-saturation_concurrency_128,saturation_concurrency_128,123.0,5.0
40.579,0.0,0.0,0.0,0.0,0.0,0.0,0.0,0.0,0.0,0.0,0.0,0.0,0.0,0.0,0.0,0.0,0.0,0.0,04-saturation_concurrency_128,saturation_concurrency_128,128.0,0.0
41.621,0.0,0.0,0.0,0.0,0.0,0.0,0.0,0.0,0.0,0.0,0.0,0.0,0.0,0.0,0.0,0.0,0.0,0.0,04-saturation_concurrency_128,saturation_concurrency_128,85.0,43.0
42.652,0.0,0.0,0.0,0.0,0.0,0.0,0.0,0.0,0.0,0.0,0.0,0.0,0.0,0.0,0.0,0.0,0.0,0.0,04-saturation_concurrency_128,saturation_concurrency_128,128.0,0.0
43.687,0.0,0.0,0.0,0.0,0.0,0.0,0.0,0.0,0.0,0.0,0.0,0.0,0.0,0.0,0.0,0.0,0.0,0.0,04-saturation_concurrency_128,saturation_concurrency_128,44.0,84.0
44.72,0.0,0.0,0.0,0.0,0.0,0.0,0.0,0.0,0.0,0.0,0.0,0.0,0.0,0.0,0.0,0.0,0.0,0.0,04-saturation_concurrency_128,saturation_concurrency_128,128.0,0.0
45.771,0.0,0.0,0.0,0.0,0.0,0.0,0.0,0.0,0.0,0.0,0.0,0.0,0.0,0.0,0.0,0.0,0.0,0.0,04-saturation_concurrency_128,saturation_concurrency_128,2.0,0.0
46.875,0.0,0.0,0.0,0.0,0.0,0.0,0.0,0.0,0.0,0.0,0.0,0.0,0.0,0.0,0.0,0.0,0.0,0.0,04-saturation_concurrency_128,saturation_concurrency_128,128.0,0.0
47.913,0.0,0.0,0.0,0.0,0.0,0.0,0.0,0.0,0.0,0.0,0.0,0.0,0.0,0.0,0.0,0.0,0.0,0.0,04-saturation_concurrency_128,saturation_concurrency_128,128.0,0.0
48.966,0.0,0.0,0.0,0.0,0.0,0.0,0.0,0.0,0.0,0.0,0.0,0.0,0.0,0.0,0.0,0.0,0.0,0.0,04-saturation_concurrency_128,saturation_concurrency_128,109.0,19.0
50.0,0.0,0.0,0.0,0.0,0.0,0.0,0.0,0.0,0.0,0.0,0.0,0.0,0.0,0.0,0.0,0.0,0.0,0.0,04-saturation_concurrency_128,saturation_concurrency_128,128.0,0.0
51.035,0.0,0.0,0.0,0.0,0.0,0.0,0.0,0.0,0.0,0.0,0.0,0.0,0.0,0.0,0.0,0.0,0.0,0.0,04-saturation_concurrency_128,saturation_concurrency_128,71.0,57.0
52.065,0.0,0.0,0.0,0.0,0.0,0.0,0.0,0.0,0.0,0.0,0.0,0.0,0.0,0.0,0.0,0.0,0.0,0.0,04-saturation_concurrency_128,saturation_concurrency_128,128.0,0.0
53.112,0.0,0.0,0.0,0.0,0.0,0.0,0.0,0.0,0.0,0.0,0.0,0.0,0.0,0.0,0.0,0.0,0.0,0.0,04-saturation_concurrency_128,saturation_concurrency_128,12.0,0.0
54.159,0.0,0.0,0.0,0.0,0.0,0.0,0.0,0.0,0.0,0.0,0.0,0.0,0.0,0.0,0.0,0.0,0.0,0.0,04-saturation_concurrency_128,saturation_concurrency_128,128.0,0.0
55.212,0.0,0.0,0.0,0.0,0.0,0.0,0.0,0.0,0.0,0.0,0.0,0.0,0.0,0.0,0.0,0.0,0.0,0.0,04-saturation_concurrency_128,saturation_concurrency_128,128.0,0.0
56.26,0.0,0.0,0.0,0.0,0.0,0.0,0.0,0.0,0.0,0.0,0.0,0.0,0.0,0.0,0.0,0.0,0.0,0.0,04-saturation_concurrency_128,saturation_concurrency_128,128.0,0.0
57.302,0.0,0.0,0.0,0.0,0.0,0.0,0.0,0.0,0.0,0.0,0.0,0.0,0.0,0.0,0.0,0.0,0.0,0.0,04-saturation_concurrency_128,saturation_concurrency_128,128.0,0.0
58.344,0.0,0.0,0.0,0.0,0.0,0.0,0.0,0.0,0.0,0.0,0.0,0.0,0.0,0.0,0.0,0.0,0.0,0.0,04-saturation_concurrency_128,saturation_concurrency_128,83.0,45.0
59.373,0.0,0.0,0.0,0.0,0.0,0.0,0.0,0.0,0.0,0.0,0.0,0.0,0.0,0.0,0.0,0.0,0.0,0.0,04-saturation_concurrency_128,saturation_concurrency_128,128.0,0.0
60.413,0.0,0.0,0.0,0.0,0.0,0.0,0.0,0.0,0.0,0.0,0.0,0.0,0.0,0.0,0.0,0.0,0.0,0.0,04-saturation_concurrency_128,saturation_concurrency_128,51.0,76.0
61.452,0.0,0.0,0.0,0.0,0.0,0.0,0.0,0.0,0.0,0.0,0.0,0.0,0.0,0.0,0.0,0.0,0.0,0.0,04-saturation_concurrency_128,saturation_concurrency_128,127.0,0.0
62.506,0.0,0.0,0.0,0.0,0.0,0.0,0.0,0.0,0.0,0.0,0.0,0.0,0.0,0.0,0.0,0.0,0.0,0.0,04-saturation_concurrency_128,saturation_concurrency_128,3.0,0.0
63.563,0.0,0.0,0.0,0.0,0.0,0.0,0.0,0.0,0.0,0.0,0.0,0.0,0.0,0.0,0.0,0.0,0.0,0.0,04-saturation_concurrency_128,saturation_concurrency_128,128.0,0.0
64.615,0.0,0.0,0.0,0.0,0.0,0.0,0.0,0.0,0.0,0.0,0.0,0.0,0.0,0.0,0.0,0.0,0.0,0.0,04-saturation_concurrency_128,saturation_concurrency_128,126.0,0.0
65.663,0.0,0.0,0.0,0.0,0.0,0.0,0.0,0.0,0.0,0.0,0.0,0.0,0.0,0.0,0.0,0.0,0.0,0.0,04-saturation_concurrency_128,saturation_concurrency_128,103.0,25.0
66.695,0.0,0.0,0.0,0.0,0.0,0.0,0.0,0.0,0.0,0.0,0.0,0.0,0.0,0.0,0.0,0.0,0.0,0.0,04-saturation_concurrency_128,saturation_concurrency_128,128.0,0.0
67.732,0.0,0.0,0.0,0.0,0.0,0.0,0.0,123293.0,0.0,0.0,0.0,0.0,0.0,0.0,0.0,0.0,32.0,0.0,04-saturation_concurrency_128,saturation_concurrency_128,80.0,0.0
68.766,0.0,0.0,0.0,0.0,0.0,0.0,0.0,0.0,0.0,0.0,0.0,0.0,0.0,0.0,0.0,0.0,0.0,0.0,04-saturation_concurrency_128,saturation_concurrency_128,128.0,0.0
69.815,0.0,0.0,0.0,0.0,0.0,0.0,0.0,0.0,0.0,0.0,0.0,0.0,0.0,0.0,0.0,0.0,0.0,0.0,04-saturation_concurrency_128,saturation_concurrency_128,5.0,0.0
70.857,0.0,0.0,0.0,0.0,0.0,0.0,0.0,0.0,0.0,0.0,0.0,0.0,0.0,0.0,0.0,0.0,0.0,0.0,04-saturation_concurrency_128,saturation_concurrency_128,128.0,0.0
71.908,0.0,0.0,0.0,0.0,0.0,0.0,0.0,0.0,0.0,0.0,0.0,0.0,0.0,0.0,0.0,0.0,0.0,0.0,04-saturation_concurrency_128,saturation_concurrency_128,128.0,0.0
72.959,0.0,0.0,0.0,0.0,0.0,0.0,0.0,0.0,0.0,0.0,0.0,0.0,0.0,0.0,0.0,0.0,0.0,0.0,04-saturation_concurrency_128,saturation_concurrency_128,119.0,9.0
73.992,0.0,0.0,0.0,0.0,0.0,0.0,0.0,0.0,0.0,0.0,0.0,0.0,0.0,0.0,0.0,0.0,0.0,0.0,04-saturation_concurrency_128,saturation_concurrency_128,126.0,0.0
75.02,0.0,0.0,0.0,0.0,0.0,0.0,0.0,0.0,0.0,0.0,0.0,0.0,0.0,0.0,0.0,0.0,0.0,0.0,04-saturation_concurrency_128,saturation_concurrency_128,73.0,55.0
76.056,0.0,0.0,0.0,0.0,0.0,0.0,0.0,0.0,0.0,0.0,0.0,0.0,0.0,0.0,0.0,0.0,0.0,0.0,04-saturation_concurrency_128,saturation_concurrency_128,128.0,0.0
77.11,0.0,0.0,0.0,0.0,0.0,0.0,0.0,0.0,0.0,0.0,0.0,0.0,0.0,0.0,0.0,0.0,0.0,0.0,04-saturation_concurrency_128,saturation_concurrency_128,35.0,53.0
78.14,0.0,0.0,0.0,0.0,0.0,0.0,0.0,0.0,0.0,0.0,0.0,0.0,0.0,0.0,0.0,0.0,0.0,0.0,04-saturation_concurrency_128,saturation_concurrency_128,128.0,0.0
79.176,0.0,0.0,0.0,0.0,0.0,0.0,0.0,0.0,0.0,0.0,0.0,0.0,0.0,0.0,0.0,0.0,0.0,0.0,04-saturation_concurrency_128,saturation_concurrency_128,127.0,0.0
80.217,0.0,0.0,0.0,0.0,0.0,0.0,0.0,0.0,0.0,0.0,0.0,0.0,0.0,0.0,0.0,0.0,0.0,0.0,04-saturation_concurrency_128,saturation_concurrency_128,122.0,6.0
81.246,0.0,0.0,0.0,0.0,0.0,0.0,0.0,0.0,0.0,0.0,0.0,0.0,0.0,0.0,0.0,0.0,0.0,0.0,04-saturation_concurrency_128,saturation_concurrency_128,128.0,0.0
82.294,0.0,0.0,0.0,0.0,0.0,0.0,0.0,0.0,0.0,0.0,0.0,0.0,0.0,0.0,0.0,0.0,0.0,0.0,04-saturation_concurrency_128,saturation_concurrency_128,84.0,44.0
83.322,0.0,0.0,0.0,0.0,0.0,0.0,0.0,0.0,0.0,0.0,0.0,0.0,0.0,0.0,0.0,0.0,0.0,0.0,04-saturation_concurrency_128,saturation_concurrency_128,128.0,0.0
84.36,0.0,0.0,0.0,0.0,0.0,0.0,0.0,0.0,0.0,0.0,0.0,0.0,0.0,0.0,0.0,0.0,0.0,0.0,04-saturation_concurrency_128,saturation_concurrency_128,36.0,55.0
85.39,0.0,0.0,0.0,0.0,0.0,0.0,0.0,0.0,0.0,0.0,0.0,0.0,0.0,0.0,0.0,0.0,0.0,0.0,04-saturation_concurrency_128,saturation_concurrency_128,126.0,0.0
86.428,0.0,0.0,0.0,0.0,0.0,0.0,0.0,0.0,0.0,0.0,0.0,0.0,0.0,0.0,0.0,0.0,0.0,0.0,04-saturation_concurrency_128,saturation_concurrency_128,113.0,0.0
87.467,0.0,0.0,0.0,0.0,0.0,0.0,0.0,0.0,0.0,0.0,0.0,0.0,0.0,0.0,0.0,0.0,0.0,0.0,04-saturation_concurrency_128,saturation_concurrency_128,128.0,0.0
88.506,0.0,0.0,0.0,0.0,0.0,0.0,0.0,0.0,0.0,0.0,0.0,0.0,0.0,0.0,0.0,0.0,0.0,0.0,04-saturation_concurrency_128,saturation_concurrency_128,128.0,0.0
89.56,0.0,0.0,0.0,0.0,0.0,0.0,0.0,0.0,0.0,0.0,0.0,0.0,0.0,0.0,0.0,0.0,0.0,0.0,04-saturation_concurrency_128,saturation_concurrency_128,103.0,25.0
90.595,0.0,0.0,0.0,0.0,0.0,0.0,0.0,0.0,0.0,0.0,0.0,0.0,0.0,0.0,0.0,0.0,0.0,0.0,04-saturation_concurrency_128,saturation_concurrency_128,128.0,0.0
91.635,0.0,0.0,0.0,0.0,0.0,0.0,0.0,0.0,0.0,0.0,0.0,0.0,0.0,0.0,0.0,0.0,0.0,0.0,04-saturation_concurrency_128,saturation_concurrency_128,49.0,79.0
92.666,0.0,0.0,0.0,0.0,0.0,0.0,0.0,0.0,0.0,0.0,0.0,0.0,0.0,0.0,0.0,0.0,0.0,0.0,04-saturation_concurrency_128,saturation_concurrency_128,128.0,0.0
93.708,0.0,0.0,0.0,0.0,0.0,0.0,0.0,0.0,0.0,0.0,0.0,0.0,0.0,0.0,0.0,0.0,0.0,0.0,04-saturation_concurrency_128,saturation_concurrency_128,5.0,0.0
94.761,0.0,0.0,0.0,0.0,0.0,0.0,0.0,0.0,0.0,0.0,0.0,0.0,0.0,0.0,0.0,0.0,0.0,0.0,04-saturation_concurrency_128,saturation_concurrency_128,126.0,0.0
95.812,0.0,0.0,0.0,0.0,0.0,0.0,0.0,0.0,0.0,0.0,0.0,0.0,0.0,0.0,0.0,0.0,0.0,0.0,04-saturation_concurrency_128,saturation_concurrency_128,128.0,0.0
96.843,0.0,0.0,0.0,0.0,0.0,0.0,0.0,7767.0,0.0,0.0,0.0,0.0,0.0,0.0,0.0,0.0,2.0,0.0,04-saturation_concurrency_128,saturation_concurrency_128,105.0,21.0
97.873,0.0,0.0,0.0,0.0,0.0,0.0,0.0,0.0,0.0,0.0,0.0,0.0,0.0,0.0,0.0,0.0,0.0,0.0,04-saturation_concurrency_128,saturation_concurrency_128,128.0,0.0
98.912,0.0,0.0,0.0,0.0,0.0,0.0,0.0,0.0,0.0,0.0,0.0,0.0,0.0,0.0,0.0,0.0,0.0,0.0,04-saturation_concurrency_128,saturation_concurrency_128,63.0,65.0
99.955,0.0,0.0,0.0,0.0,0.0,0.0,0.0,0.0,0.0,0.0,0.0,0.0,0.0,0.0,0.0,0.0,0.0,0.0,04-saturation_concurrency_128,saturation_concurrency_128,127.0,0.0
101.004,0.0,0.0,0.0,0.0,0.0,0.0,0.0,0.0,0.0,0.0,0.0,0.0,0.0,0.0,0.0,0.0,0.0,0.0,04-saturation_concurrency_128,saturation_concurrency_128,5.0,0.0
102.036,0.0,0.0,0.0,0.0,0.0,0.0,0.0,0.0,0.0,0.0,0.0,0.0,0.0,0.0,0.0,0.0,0.0,0.0,04-saturation_concurrency_128,saturation_concurrency_128,128.0,0.0
103.076,0.0,0.0,0.0,0.0,0.0,0.0,0.0,0.0,0.0,0.0,0.0,0.0,0.0,0.0,0.0,0.0,0.0,0.0,04-saturation_concurrency_128,saturation_concurrency_128,128.0,0.0
104.115,0.0,0.0,0.0,0.0,0.0,0.0,0.0,0.0,0.0,0.0,0.0,0.0,0.0,0.0,0.0,0.0,0.0,0.0,04-saturation_concurrency_128,saturation_concurrency_128,112.0,16.0
105.147,0.0,0.0,0.0,0.0,0.0,0.0,0.0,0.0,0.0,0.0,0.0,0.0,0.0,0.0,0.0,0.0,0.0,0.0,04-saturation_concurrency_128,saturation_concurrency_128,128.0,0.0
106.188,0.0,0.0,0.0,0.0,0.0,0.0,0.0,0.0,0.0,0.0,0.0,0.0,0.0,0.0,0.0,0.0,0.0,0.0,04-saturation_concurrency_128,saturation_concurrency_128,75.0,53.0
107.216,0.0,0.0,0.0,0.0,0.0,0.0,0.0,0.0,0.0,0.0,0.0,0.0,0.0,0.0,0.0,0.0,0.0,0.0,04-saturation_concurrency_128,saturation_concurrency_128,128.0,0.0
108.264,0.0,0.0,0.0,0.0,0.0,0.0,0.0,0.0,0.0,0.0,0.0,0.0,0.0,0.0,0.0,0.0,0.0,0.0,04-saturation_concurrency_128,saturation_concurrency_128,28.0,12.0
109.294,0.0,0.0,0.0,0.0,0.0,0.0,0.0,0.0,0.0,0.0,0.0,0.0,0.0,0.0,0.0,0.0,0.0,0.0,04-saturation_concurrency_128,saturation_concurrency_128,128.0,0.0
110.334,0.0,0.0,0.0,0.0,0.0,0.0,0.0,0.0,0.0,0.0,0.0,0.0,0.0,0.0,0.0,0.0,0.0,0.0,04-saturation_concurrency_128,saturation_concurrency_128,128.0,0.0
111.373,0.0,0.0,0.0,0.0,0.0,0.0,0.0,0.0,0.0,0.0,0.0,0.0,0.0,0.0,0.0,0.0,0.0,0.0,04-saturation_concurrency_128,saturation_concurrency_128,128.0,0.0
112.4,0.0,0.0,0.0,0.0,0.0,0.0,0.0,0.0,0.0,0.0,0.0,0.0,0.0,0.0,0.0,0.0,0.0,0.0,04-saturation_concurrency_128,saturation_concurrency_128,128.0,0.0
113.435,0.0,0.0,0.0,0.0,0.0,0.0,0.0,0.0,0.0,0.0,0.0,0.0,0.0,0.0,0.0,0.0,0.0,0.0,04-saturation_concurrency_128,saturation_concurrency_128,73.0,55.0
114.467,0.0,0.0,0.0,0.0,0.0,0.0,0.0,0.0,0.0,0.0,0.0,0.0,0.0,0.0,0.0,0.0,0.0,0.0,04-saturation_concurrency_128,saturation_concurrency_128,128.0,0.0
115.517,0.0,0.0,0.0,0.0,0.0,0.0,0.0,0.0,0.0,0.0,0.0,0.0,0.0,0.0,0.0,0.0,0.0,0.0,04-saturation_concurrency_128,saturation_concurrency_128,37.0,32.0
116.546,0.0,0.0,0.0,0.0,0.0,0.0,0.0,0.0,0.0,0.0,0.0,0.0,0.0,0.0,0.0,0.0,0.0,0.0,04-saturation_concurrency_128,saturation_concurrency_128,128.0,0.0
117.585,0.0,0.0,0.0,0.0,0.0,0.0,0.0,0.0,0.0,0.0,0.0,0.0,0.0,0.0,0.0,0.0,0.0,0.0,04-saturation_concurrency_128,saturation_concurrency_128,128.0,0.0
118.622,0.0,0.0,0.0,0.0,0.0,0.0,0.0,0.0,0.0,0.0,0.0,0.0,0.0,0.0,0.0,0.0,0.0,0.0,04-saturation_concurrency_128,saturation_concurrency_128,125.0,1.0
119.653,0.0,0.0,0.0,0.0,0.0,0.0,0.0,0.0,0.0,0.0,0.0,0.0,0.0,0.0,0.0,0.0,0.0,0.0,04-saturation_concurrency_128,saturation_concurrency_128,128.0,0.0
120.709,0.0,0.0,0.0,0.0,0.0,0.0,0.0,0.0,0.0,0.0,0.0,0.0,0.0,0.0,0.0,0.0,0.0,0.0,04-saturation_concurrency_128,saturation_concurrency_128,93.0,35.0
121.746,0.0,0.0,0.0,0.0,0.0,0.0,0.0,0.0,0.0,0.0,0.0,0.0,0.0,0.0,0.0,0.0,0.0,0.0,04-saturation_concurrency_128,saturation_concurrency_128,128.0,0.0
122.796,0.0,0.0,0.0,0.0,0.0,0.0,0.0,0.0,0.0,0.0,0.0,0.0,0.0,0.0,0.0,0.0,0.0,0.0,04-saturation_concurrency_128,saturation_concurrency_128,46.0,82.0
123.839,0.0,0.0,0.0,0.0,0.0,0.0,0.0,0.0,0.0,0.0,0.0,0.0,0.0,0.0,0.0,0.0,0.0,0.0,04-saturation_concurrency_128,saturation_concurrency_128,128.0,0.0
124.879,0.0,0.0,0.0,0.0,0.0,0.0,0.0,0.0,0.0,0.0,0.0,0.0,0.0,0.0,0.0,0.0,0.0,0.0,04-saturation_concurrency_128,saturation_concurrency_128,0.0,0.0
125.908,0.0,0.0,0.0,0.0,0.0,0.0,0.0,0.0,0.0,0.0,0.0,0.0,0.0,0.0,0.0,0.0,0.0,0.0,04-saturation_concurrency_128,saturation_concurrency_128,128.0,0.0
126.966,0.0,0.0,0.0,0.0,0.0,0.0,0.0,0.0,0.0,0.0,0.0,0.0,0.0,0.0,0.0,0.0,0.0,0.0,04-saturation_concurrency_128,saturation_concurrency_128,128.0,0.0
128.017,0.0,0.0,0.0,0.0,0.0,0.0,0.0,0.0,0.0,0.0,0.0,0.0,0.0,0.0,0.0,0.0,0.0,0.0,04-saturation_concurrency_128,saturation_concurrency_128,113.0,15.0
129.048,0.0,0.0,0.0,0.0,0.0,0.0,0.0,0.0,0.0,0.0,0.0,0.0,0.0,0.0,0.0,0.0,0.0,0.0,04-saturation_concurrency_128,saturation_concurrency_128,128.0,0.0
130.086,0.0,0.0,0.0,0.0,0.0,0.0,0.0,0.0,0.0,0.0,0.0,0.0,0.0,0.0,0.0,0.0,0.0,0.0,04-saturation_concurrency_128,saturation_concurrency_128,66.0,62.0
131.115,0.0,0.0,0.0,0.0,0.0,0.0,0.0,0.0,0.0,0.0,0.0,0.0,0.0,0.0,0.0,0.0,0.0,0.0,04-saturation_concurrency_128,saturation_concurrency_128,128.0,0.0
132.15,0.0,0.0,0.0,0.0,0.0,0.0,0.0,0.0,0.0,0.0,0.0,0.0,0.0,0.0,0.0,0.0,0.0,0.0,04-saturation_concurrency_128,saturation_concurrency_128,6.0,0.0
133.187,0.0,0.0,0.0,0.0,0.0,0.0,0.0,0.0,0.0,0.0,0.0,0.0,0.0,0.0,0.0,0.0,0.0,0.0,04-saturation_concurrency_128,saturation_concurrency_128,128.0,0.0
134.23,0.0,0.0,0.0,0.0,0.0,0.0,0.0,0.0,0.0,0.0,0.0,0.0,0.0,0.0,0.0,0.0,0.0,0.0,04-saturation_concurrency_128,saturation_concurrency_128,128.0,0.0
135.269,0.0,0.0,0.0,0.0,0.0,0.0,0.0,0.0,0.0,0.0,0.0,0.0,0.0,0.0,0.0,0.0,0.0,0.0,04-saturation_concurrency_128,saturation_concurrency_128,119.0,9.0
136.298,0.0,0.0,0.0,0.0,0.0,0.0,0.0,0.0,0.0,0.0,0.0,0.0,0.0,0.0,0.0,0.0,0.0,0.0,04-saturation_concurrency_128,saturation_concurrency_128,128.0,0.0
137.34,0.0,0.0,0.0,0.0,0.0,0.0,0.0,0.0,0.0,0.0,0.0,0.0,0.0,0.0,0.0,0.0,0.0,0.0,04-saturation_concurrency_128,saturation_concurrency_128,95.0,33.0
138.378,0.0,0.0,0.0,0.0,0.0,0.0,0.0,0.0,0.0,0.0,0.0,0.0,0.0,0.0,0.0,0.0,0.0,0.0,04-saturation_concurrency_128,saturation_concurrency_128,128.0,0.0
139.42,0.0,0.0,0.0,0.0,0.0,0.0,0.0,0.0,0.0,0.0,0.0,0.0,0.0,0.0,0.0,0.0,0.0,0.0,04-saturation_concurrency_128,saturation_concurrency_128,40.0,64.0
140.451,0.0,0.0,0.0,0.0,0.0,0.0,0.0,0.0,0.0,0.0,0.0,0.0,0.0,0.0,0.0,0.0,0.0,0.0,04-saturation_concurrency_128,saturation_concurrency_128,128.0,0.0
141.507,0.0,0.0,0.0,0.0,0.0,0.0,0.0,0.0,0.0,0.0,0.0,0.0,0.0,0.0,0.0,0.0,0.0,0.0,04-saturation_concurrency_128,saturation_concurrency_128,2.0,0.0
142.56,0.0,0.0,0.0,0.0,0.0,0.0,0.0,0.0,0.0,0.0,0.0,0.0,0.0,0.0,0.0,0.0,0.0,0.0,04-saturation_concurrency_128,saturation_concurrency_128,128.0,0.0
143.62,0.0,0.0,0.0,0.0,0.0,0.0,0.0,0.0,0.0,0.0,0.0,0.0,0.0,0.0,0.0,0.0,0.0,0.0,04-saturation_concurrency_128,saturation_concurrency_128,128.0,0.0
144.663,0.0,0.0,0.0,0.0,0.0,0.0,0.0,0.0,0.0,0.0,0.0,0.0,0.0,0.0,0.0,0.0,0.0,0.0,04-saturation_concurrency_128,saturation_concurrency_128,105.0,23.0
145.693,0.0,0.0,0.0,0.0,0.0,0.0,0.0,0.0,0.0,0.0,0.0,0.0,0.0,0.0,0.0,0.0,0.0,0.0,04-saturation_concurrency_128,saturation_concurrency_128,128.0,0.0
146.728,0.0,0.0,0.0,0.0,0.0,0.0,0.0,0.0,0.0,0.0,0.0,0.0,0.0,0.0,0.0,0.0,0.0,0.0,04-saturation_concurrency_128,saturation_concurrency_128,58.0,70.0
147.768,0.0,0.0,0.0,0.0,0.0,0.0,0.0,0.0,0.0,0.0,0.0,0.0,0.0,0.0,0.0,0.0,0.0,0.0,04-saturation_concurrency_128,saturation_concurrency_128,127.0,0.0
148.817,0.0,0.0,0.0,0.0,0.0,0.0,0.0,0.0,0.0,0.0,0.0,0.0,0.0,0.0,0.0,0.0,0.0,0.0,04-saturation_concurrency_128,saturation_concurrency_128,10.0,0.0
149.85,0.0,0.0,0.0,0.0,0.0,0.0,0.0,0.0,0.0,0.0,0.0,0.0,0.0,0.0,0.0,0.0,0.0,0.0,04-saturation_concurrency_128,saturation_concurrency_128,127.0,0.0
150.894,0.0,0.0,0.0,0.0,0.0,0.0,0.0,0.0,0.0,0.0,0.0,0.0,0.0,0.0,0.0,0.0,0.0,0.0,04-saturation_concurrency_128,saturation_concurrency_128,128.0,0.0
151.933,0.0,0.0,0.0,0.0,0.0,0.0,0.0,0.0,0.0,0.0,0.0,0.0,0.0,0.0,0.0,0.0,0.0,0.0,04-saturation_concurrency_128,saturation_concurrency_128,122.0,6.0
152.963,0.0,0.0,0.0,0.0,0.0,0.0,0.0,0.0,0.0,0.0,0.0,0.0,0.0,0.0,0.0,0.0,0.0,0.0,04-saturation_concurrency_128,saturation_concurrency_128,128.0,0.0
154.015,0.0,0.0,0.0,0.0,0.0,0.0,0.0,0.0,0.0,0.0,0.0,0.0,0.0,0.0,0.0,0.0,0.0,0.0,04-saturation_concurrency_128,saturation_concurrency_128,86.0,42.0
155.054,0.0,0.0,0.0,0.0,0.0,0.0,0.0,0.0,0.0,0.0,0.0,0.0,0.0,0.0,0.0,0.0,0.0,0.0,04-saturation_concurrency_128,saturation_concurrency_128,128.0,0.0
156.112,0.0,0.0,0.0,0.0,0.0,0.0,0.0,3843.0,0.0,0.0,0.0,0.0,0.0,0.0,0.0,0.0,1.0,0.0,04-saturation_concurrency_128,saturation_concurrency_128,41.0,64.0
157.147,0.0,0.0,0.0,0.0,0.0,0.0,0.0,0.0,0.0,0.0,0.0,0.0,0.0,0.0,0.0,0.0,0.0,0.0,04-saturation_concurrency_128,saturation_concurrency_128,128.0,0.0
158.197,0.0,0.0,0.0,0.0,0.0,0.0,0.0,0.0,0.0,0.0,0.0,0.0,0.0,0.0,0.0,0.0,0.0,0.0,04-saturation_concurrency_128,saturation_concurrency_128,10.0,0.0
159.259,0.0,0.0,0.0,0.0,0.0,0.0,0.0,0.0,0.0,0.0,0.0,0.0,0.0,0.0,0.0,0.0,0.0,0.0,04-saturation_concurrency_128,saturation_concurrency_128,128.0,0.0
160.317,0.0,0.0,0.0,0.0,0.0,0.0,0.0,0.0,0.0,0.0,0.0,0.0,0.0,0.0,0.0,0.0,0.0,0.0,04-saturation_concurrency_128,saturation_concurrency_128,128.0,0.0
161.37,0.0,0.0,0.0,0.0,0.0,0.0,0.0,0.0,0.0,0.0,0.0,0.0,0.0,0.0,0.0,0.0,0.0,0.0,04-saturation_concurrency_128,saturation_concurrency_128,105.0,23.0
162.4,0.0,0.0,0.0,0.0,0.0,0.0,0.0,0.0,0.0,0.0,0.0,0.0,0.0,0.0,0.0,0.0,0.0,0.0,04-saturation_concurrency_128,saturation_concurrency_128,128.0,0.0
163.438,0.0,0.0,0.0,0.0,0.0,0.0,0.0,0.0,0.0,0.0,0.0,0.0,0.0,0.0,0.0,0.0,0.0,0.0,04-saturation_concurrency_128,saturation_concurrency_128,67.0,61.0
164.467,0.0,0.0,0.0,0.0,0.0,0.0,0.0,0.0,0.0,0.0,0.0,0.0,0.0,0.0,0.0,0.0,0.0,0.0,04-saturation_concurrency_128,saturation_concurrency_128,128.0,0.0
165.52,0.0,0.0,0.0,0.0,0.0,0.0,0.0,0.0,0.0,0.0,0.0,0.0,0.0,0.0,0.0,0.0,0.0,0.0,04-saturation_concurrency_128,saturation_concurrency_128,23.0,47.0
166.552,0.0,0.0,0.0,0.0,0.0,0.0,0.0,0.0,0.0,0.0,0.0,0.0,0.0,0.0,0.0,0.0,0.0,0.0,04-saturation_concurrency_128,saturation_concurrency_128,128.0,0.0
167.612,0.0,0.0,0.0,0.0,0.0,0.0,0.0,0.0,0.0,0.0,0.0,0.0,0.0,0.0,0.0,0.0,0.0,0.0,04-saturation_concurrency_128,saturation_concurrency_128,128.0,0.0
168.654,0.0,0.0,0.0,0.0,0.0,0.0,0.0,0.0,0.0,0.0,0.0,0.0,0.0,0.0,0.0,0.0,0.0,0.0,04-saturation_concurrency_128,saturation_concurrency_128,128.0,0.0
169.685,0.0,0.0,0.0,0.0,0.0,0.0,0.0,0.0,0.0,0.0,0.0,0.0,0.0,0.0,0.0,0.0,0.0,0.0,04-saturation_concurrency_128,saturation_concurrency_128,128.0,0.0
170.728,0.0,0.0,0.0,0.0,0.0,0.0,0.0,42024.0,0.0,0.0,0.0,0.0,0.0,0.0,0.0,0.0,11.0,0.0,04-saturation_concurrency_128,saturation_concurrency_128,101.0,16.0
171.757,0.0,0.0,0.0,0.0,0.0,0.0,0.0,0.0,0.0,0.0,0.0,0.0,0.0,0.0,0.0,0.0,0.0,0.0,04-saturation_concurrency_128,saturation_concurrency_128,128.0,0.0
172.829,0.0,0.0,0.0,0.0,0.0,0.0,0.0,0.0,0.0,0.0,0.0,0.0,0.0,0.0,0.0,0.0,0.0,0.0,04-saturation_concurrency_128,saturation_concurrency_128,59.0,69.0
173.858,0.0,0.0,0.0,0.0,0.0,0.0,0.0,0.0,0.0,0.0,0.0,0.0,0.0,0.0,0.0,0.0,0.0,0.0,04-saturation_concurrency_128,saturation_concurrency_128,128.0,0.0
174.917,0.0,0.0,0.0,0.0,0.0,0.0,0.0,0.0,0.0,0.0,0.0,0.0,0.0,0.0,0.0,0.0,0.0,0.0,04-saturation_concurrency_128,saturation_concurrency_128,13.0,0.0
175.952,0.0,0.0,0.0,0.0,0.0,0.0,0.0,0.0,0.0,0.0,0.0,0.0,0.0,0.0,0.0,0.0,0.0,0.0,04-saturation_concurrency_128,saturation_concurrency_128,128.0,0.0
176.999,0.0,0.0,0.0,0.0,0.0,0.0,0.0,0.0,0.0,0.0,0.0,0.0,0.0,0.0,0.0,0.0,0.0,0.0,04-saturation_concurrency_128,saturation_concurrency_128,128.0,0.0
178.044,0.0,0.0,0.0,0.0,0.0,0.0,0.0,0.0,0.0,0.0,0.0,0.0,0.0,0.0,0.0,0.0,0.0,0.0,04-saturation_concurrency_128,saturation_concurrency_128,117.0,11.0
179.075,0.0,0.0,0.0,0.0,0.0,0.0,0.0,0.0,0.0,0.0,0.0,0.0,0.0,0.0,0.0,0.0,0.0,0.0,04-saturation_concurrency_128,saturation_concurrency_128,126.0,0.0
180.124,0.0,0.0,0.0,0.0,0.0,0.0,0.0,0.0,0.0,0.0,0.0,0.0,0.0,0.0,0.0,0.0,0.0,0.0,04-saturation_concurrency_128,saturation_concurrency_128,74.0,54.0
181.156,0.0,0.0,0.0,0.0,0.0,0.0,0.0,0.0,0.0,0.0,0.0,0.0,0.0,0.0,0.0,0.0,0.0,0.0,04-saturation_concurrency_128,saturation_concurrency_128,127.0,0.0
