elapsed_s,tenant,target_concurrency,actual_inflight
1.017,sweep-standard,160,160
2.024,sweep-standard,160,160
3.042,sweep-standard,160,160
4.055,sweep-standard,160,160
5.066,sweep-standard,160,160
6.077,sweep-standard,160,160
7.093,sweep-standard,160,160
8.104,sweep-standard,160,160
9.118,sweep-standard,160,160
10.133,sweep-standard,160,160
11.146,sweep-standard,160,160
12.161,sweep-standard,160,160
13.173,sweep-standard,160,160
14.178,sweep-standard,160,160
15.19,sweep-standard,160,152
16.205,sweep-standard,160,149
17.218,sweep-standard,160,160
18.23,sweep-standard,160,158
19.245,sweep-standard,160,160
20.256,sweep-standard,160,145
21.271,sweep-standard,160,160
22.291,sweep-standard,160,160
23.305,sweep-standard,160,156
24.318,sweep-standard,160,160
25.331,sweep-standard,160,160
26.338,sweep-standard,160,160
27.352,sweep-standard,160,160
28.364,sweep-standard,160,155
29.371,sweep-standard,160,160
30.383,sweep-standard,160,160
31.4,sweep-standard,160,160
32.408,sweep-standard,160,160
33.42,sweep-standard,160,160
34.436,sweep-standard,160,160
35.451,sweep-standard,160,160
36.466,sweep-standard,160,160
37.481,sweep-standard,160,160
38.493,sweep-standard,160,160
39.499,sweep-standard,160,160
40.508,sweep-standard,160,160
41.525,sweep-standard,160,151
42.535,sweep-standard,160,129
43.549,sweep-standard,160,160
44.564,sweep-standard,160,156
45.573,sweep-standard,160,144
46.582,sweep-standard,160,160
47.596,sweep-standard,160,160
48.606,sweep-standard,160,160
49.623,sweep-standard,160,160
50.645,sweep-standard,160,160
51.653,sweep-standard,160,157
52.667,sweep-standard,160,160
53.68,sweep-standard,160,160
54.7,sweep-standard,160,160
55.716,sweep-standard,160,160
56.73,sweep-standard,160,160
57.746,sweep-standard,160,160
58.761,sweep-standard,160,145
59.778,sweep-standard,160,160
60.792,sweep-standard,160,152
61.806,sweep-standard,160,160
62.817,sweep-standard,160,160
63.833,sweep-standard,160,159
64.845,sweep-standard,160,155
65.858,sweep-standard,160,145
66.865,sweep-standard,160,160
67.879,sweep-standard,160,160
68.894,sweep-standard,160,160
69.906,sweep-standard,160,160
70.92,sweep-standard,160,146
71.937,sweep-standard,160,157
72.952,sweep-standard,160,158
73.965,sweep-standard,160,156
74.978,sweep-standard,160,160
75.99,sweep-standard,160,160
76.999,sweep-standard,160,145
78.012,sweep-standard,160,159
79.027,sweep-standard,160,160
80.041,sweep-standard,160,154
81.061,sweep-standard,160,158
82.074,sweep-standard,160,160
83.085,sweep-standard,160,160
84.103,sweep-standard,160,145
85.114,sweep-standard,160,157
86.122,sweep-standard,160,160
87.138,sweep-standard,160,155
88.15,sweep-standard,160,160
89.156,sweep-standard,160,160
90.17,sweep-standard,160,160
91.196,sweep-standard,160,157
92.205,sweep-standard,160,160
93.219,sweep-standard,160,157
94.232,sweep-standard,160,160
95.246,sweep-standard,160,160
96.262,sweep-standard,160,157
97.282,sweep-standard,160,160
98.291,sweep-standard,160,160
99.304,sweep-standard,160,157
100.322,sweep-standard,160,155
101.331,sweep-standard,160,160
102.346,sweep-standard,160,158
103.361,sweep-standard,160,160
104.375,sweep-standard,160,160
105.39,sweep-standard,160,160
106.406,sweep-standard,160,160
107.423,sweep-standard,160,156
108.438,sweep-standard,160,154
109.453,sweep-standard,160,160
110.47,sweep-standard,160,155
111.482,sweep-standard,160,160
112.498,sweep-standard,160,156
113.516,sweep-standard,160,159
114.53,sweep-standard,160,160
115.546,sweep-standard,160,157
116.565,sweep-standard,160,157
117.575,sweep-standard,160,160
118.591,sweep-standard,160,158
119.606,sweep-standard,160,156
120.622,sweep-standard,160,160
121.636,sweep-standard,160,160
122.655,sweep-standard,160,159
123.664,sweep-standard,160,160
124.676,sweep-standard,160,158
125.689,sweep-standard,160,160
126.704,sweep-standard,160,160
127.722,sweep-standard,160,145
128.736,sweep-standard,160,160
129.751,sweep-standard,160,160
130.788,sweep-standard,160,160
131.804,sweep-standard,160,151
132.818,sweep-standard,160,158
133.837,sweep-standard,160,160
134.849,sweep-standard,160,160
135.862,sweep-standard,160,145
136.883,sweep-standard,160,160
137.897,sweep-standard,160,160
138.909,sweep-standard,160,160
139.923,sweep-standard,160,160
140.937,sweep-standard,160,155
141.951,sweep-standard,160,160
142.962,sweep-standard,160,156
143.977,sweep-standard,160,160
144.997,sweep-standard,160,157
146.01,sweep-standard,160,157
147.026,sweep-standard,160,157
148.04,sweep-standard,160,160
149.052,sweep-standard,160,158
150.069,sweep-standard,160,155
151.093,sweep-standard,160,154
152.106,sweep-standard,160,160
153.123,sweep-standard,160,155
154.136,sweep-standard,160,155
155.151,sweep-standard,160,151
156.164,sweep-standard,160,156
157.183,sweep-standard,160,160
158.197,sweep-standard,160,157
159.209,sweep-standard,160,157
160.221,sweep-standard,160,160
161.233,sweep-standard,160,158
162.249,sweep-standard,160,158
163.262,sweep-standard,160,160
164.284,sweep-standard,160,160
165.298,sweep-standard,160,147
166.322,sweep-standard,160,160
167.342,sweep-standard,160,158
168.355,sweep-standard,160,160
169.367,sweep-standard,160,160
170.381,sweep-standard,160,150
171.395,sweep-standard,160,156
172.421,sweep-standard,160,160
173.434,sweep-standard,160,149
174.45,sweep-standard,160,155
175.462,sweep-standard,160,160
176.475,sweep-standard,160,160
177.489,sweep-standard,160,158
178.505,sweep-standard,160,156
179.517,sweep-standard,160,160
